EmployeeID,Age,Gender,Department,JobRole,MonthlyIncome,DistanceFromHome,Education,EducationField,JobLevel,JobSatisfaction,EnvironmentSatisfaction,WorkLifeBalance,YearsAtCompany,YearsSinceLastPromotion,YearsWithCurrManager,OverTime,Attrition
10001,57,Female,Sales,Research Scientist,53265.0,4,1,Other,2,3,2,1,6,6,1,No,0
10002,45,Female,Finance,Research Scientist,56247.0,27,3,Technical,2,2,1,1,10,3,14,Yes,0
10003,47,Female,Research & Dev,Engineer,97346.0,4,3,Other,4,1,2,4,8,4,13,Yes,0
10004,55,Female,Operations,Research Scientist,76162.0,4,2,Life Sciences,3,4,2,1,19,2,11,Yes,0
10005,43,Male,Operations,HR Executive,65365.0,13,2,Marketing,3,4,1,1,13,5,3,No,0
10006,51,Male,IT,Engineer,93727.0,25,4,Life Sciences,3,2,1,2,10,2,11,No,0
10007,53,Female,Sales,Accountant,62248.0,12,2,Other,2,1,4,4,18,2,7,Yes,0
10008,29,Male,Sales,Accountant,64404.0,1,1,Life Sciences,3,3,3,3,2,0,6,Yes,0
10009,23,Male,Research & Dev,HR Executive,60777.0,17,4,Marketing,1,2,2,4,17,1,8,Yes,0
10010,32,Male,IT,Analyst,30767.0,22,1,Medical,4,4,4,4,12,3,7,No,0
10011,32,Female,Finance,Engineer,87285.0,12,4,Life Sciences,3,4,3,3,6,4,9,No,0
10012,55,Male,Sales,Research Scientist,45818.0,15,4,Technical,4,1,4,2,8,1,13,No,0
10013,56,Male,Finance,Accountant,58626.0,27,3,Technical,1,2,1,4,1,5,14,No,0
10014,21,Male,Operations,Engineer,55123.0,27,2,Life Sciences,3,3,2,4,1,6,3,No,0
10015,40,Female,IT,Engineer,84540.0,15,4,Life Sciences,3,1,1,3,3,3,12,Yes,0
10016,53,Male,Finance,Accountant,68628.0,26,1,Marketing,2,1,3,4,16,3,7,No,0
10017,26,Female,Operations,Analyst,70308.0,6,1,Life Sciences,3,2,4,2,19,2,2,No,0
10018,52,Female,Operations,Accountant,36411.0,2,4,Life Sciences,1,4,2,4,17,7,10,No,0
10019,25,Male,Research & Dev,HR Executive,68251.0,20,2,Marketing,3,4,2,2,12,6,5,No,0
10020,39,Male,Sales,Accountant,40473.0,15,1,Technical,4,4,4,2,19,9,5,No,0
10021,52,Male,Finance,Sales Executive,76144.0,7,3,Medical,4,1,1,2,5,7,7,No,0
10022,32,Female,Sales,Manager,77334.0,8,4,Life Sciences,4,1,2,2,12,8,7,Yes,0
10023,34,Female,Research & Dev,Engineer,69652.0,11,4,Other,2,1,2,1,3,3,8,No,0
10024,31,Female,IT,Research Scientist,110863.0,13,2,Technical,4,4,1,1,11,7,0,No,0
10025,49,Male,Research & Dev,Manager,80555.0,21,4,Marketing,3,3,2,3,2,7,7,No,0
10026,30,Female,Research & Dev,Accountant,81916.0,2,4,Technical,4,2,2,2,3,7,10,No,0
10027,59,Male,IT,Accountant,72846.0,8,3,Medical,3,3,4,4,15,8,10,No,0
10028,38,Male,Research & Dev,HR Executive,66145.0,11,2,Life Sciences,3,2,1,2,19,0,2,Yes,0
10029,39,Male,IT,Research Scientist,89318.0,24,3,Life Sciences,3,3,1,3,1,0,5,Yes,0
10030,40,Male,Operations,HR Executive,92029.0,12,4,Technical,4,4,2,1,14,9,3,No,0
10031,43,Male,Research & Dev,Sales Executive,43977.0,11,1,Other,4,3,1,1,17,5,0,No,0
10032,42,Female,Research & Dev,Manager,91090.0,1,2,Medical,3,2,2,4,13,5,3,No,0
10033,40,Female,Sales,Sales Executive,80276.0,28,3,Medical,1,2,4,3,7,1,1,Yes,0
10034,59,Male,Operations,Manager,89214.0,14,4,Marketing,3,1,2,2,13,5,10,No,0
10035,52,Male,Sales,HR Executive,79324.0,23,2,Life Sciences,3,4,3,4,0,2,14,No,0
10036,51,Male,Sales,Research Scientist,45115.0,26,2,Marketing,4,2,3,1,16,6,5,No,0
10037,48,Male,Operations,Analyst,46542.0,4,4,Technical,4,2,3,3,18,1,5,No,0
10038,45,Female,Research & Dev,Accountant,106492.0,2,2,Medical,3,4,4,1,6,1,14,No,0
10039,34,Male,HR,Research Scientist,75048.0,1,1,Medical,1,4,3,1,7,7,8,No,0
10040,59,Female,Finance,Accountant,41655.0,28,3,Marketing,4,4,4,1,2,4,11,No,0
10041,39,Female,Sales,Engineer,76963.0,11,1,Technical,1,1,4,3,13,1,3,Yes,0
10042,29,Male,Sales,Manager,62758.0,15,3,Technical,4,2,3,4,19,1,13,Yes,0
10043,53,Male,Research & Dev,Engineer,33132.0,2,2,Technical,2,2,2,2,5,3,2,No,0
10044,27,Male,Sales,Accountant,24196.0,7,3,Other,2,2,2,3,0,9,10,No,0
10045,54,Female,Research & Dev,Manager,37947.0,7,2,Marketing,3,3,1,4,3,4,10,Yes,0
10046,44,Female,Finance,Manager,75436.0,29,3,Other,4,3,1,3,5,4,3,No,1
10047,25,Female,HR,Sales Executive,69039.0,22,1,Medical,1,3,1,1,16,4,12,Yes,0
10048,22,Male,HR,Analyst,65017.0,14,2,Marketing,2,4,3,2,9,1,4,No,0
10049,38,Female,Sales,Manager,75694.0,17,4,Medical,2,3,1,3,0,2,9,No,0
10050,22,Female,Sales,Analyst,82023.0,13,1,Other,2,1,1,4,0,9,5,Yes,0
10051,26,Male,Operations,Engineer,27950.0,2,4,Marketing,2,2,1,4,3,1,1,No,0
10052,41,Male,Sales,Research Scientist,63977.0,11,3,Life Sciences,4,4,1,2,6,5,3,No,0
10053,58,Male,Research & Dev,Manager,53442.0,22,2,Technical,3,4,4,1,2,3,4,No,0
10054,39,Female,Sales,Research Scientist,45336.0,26,3,Other,4,4,3,2,17,7,7,No,0
10055,52,Female,IT,Sales Executive,59056.0,24,2,Technical,4,3,3,2,9,1,5,Yes,0
10056,56,Male,Sales,Research Scientist,67543.0,4,3,Life Sciences,4,2,1,3,12,8,11,Yes,0
10057,53,Female,Research & Dev,Engineer,64673.0,24,1,Medical,3,4,3,1,19,0,6,No,0
10058,45,Female,Research & Dev,Research Scientist,40907.0,7,2,Other,4,2,4,4,11,6,7,No,0
10059,38,Male,Finance,Manager,60337.0,1,2,Life Sciences,3,1,2,1,1,5,12,Yes,0
10060,41,Male,IT,Analyst,110317.0,9,4,Technical,4,4,3,4,0,4,2,Yes,0
10061,31,Female,Finance,Sales Executive,48909.0,11,4,Medical,2,2,2,1,3,5,10,Yes,0
10062,40,Female,Research & Dev,Sales Executive,36258.0,2,2,Medical,4,2,3,4,8,2,10,No,0
10063,35,Male,Sales,Sales Executive,75505.0,18,3,Technical,2,4,3,4,5,6,9,No,0
10064,30,Female,Finance,HR Executive,81933.0,25,4,Technical,3,2,4,1,2,0,14,No,0
10065,59,Female,IT,Manager,79281.0,26,2,Technical,1,4,2,4,5,6,2,No,0
10066,21,Male,Sales,Research Scientist,47606.0,15,1,Other,1,4,1,4,7,6,7,No,0
10067,24,Male,Finance,Research Scientist,89962.0,8,4,Medical,2,1,4,2,7,8,12,No,0
10068,28,Male,Sales,Analyst,54293.0,18,3,Life Sciences,1,2,2,4,7,1,2,Yes,0
10069,58,Female,Research & Dev,Sales Executive,47302.0,8,2,Medical,4,1,4,1,0,5,12,Yes,0
10070,47,Female,Research & Dev,Engineer,57830.0,26,4,Technical,4,3,3,2,8,3,10,No,0
10071,55,Female,HR,Engineer,67826.0,13,4,Marketing,3,2,2,1,3,4,1,No,0
10072,28,Female,IT,Sales Executive,84282.0,15,1,Life Sciences,4,2,4,4,6,8,8,No,0
10073,49,Female,Finance,Accountant,82477.0,17,2,Marketing,3,1,1,1,19,8,9,No,0
10074,35,Male,Research & Dev,Manager,69550.0,9,4,Technical,3,3,1,4,15,9,12,No,0
10075,40,Female,Finance,HR Executive,88658.0,29,1,Marketing,2,1,2,3,16,9,2,Yes,0
10076,21,Female,Research & Dev,Analyst,71630.0,16,2,Life Sciences,3,2,3,3,9,8,9,No,0
10077,45,Male,Research & Dev,Accountant,87920.0,1,3,Other,1,3,4,2,10,5,11,Yes,0
10078,53,Male,Research & Dev,Analyst,41923.0,15,1,Technical,3,4,4,3,18,1,13,Yes,0
10079,46,Female,Research & Dev,Manager,38517.0,12,2,Marketing,1,2,3,4,17,4,8,Yes,0
10080,27,Female,Research & Dev,Accountant,85514.0,9,2,Life Sciences,3,2,1,4,6,9,0,No,0
10081,41,Female,Sales,Accountant,42198.0,5,1,Technical,3,4,3,1,9,2,3,Yes,0
10082,31,Male,Sales,HR Executive,63970.0,7,3,Marketing,3,4,3,4,2,1,9,Yes,0
10083,58,Female,Research & Dev,Engineer,68038.0,18,3,Technical,2,4,4,3,1,7,10,Yes,0
10084,55,Female,Research & Dev,Sales Executive,60241.0,11,2,Other,3,3,3,4,7,9,9,No,0
10085,28,Female,Operations,HR Executive,60930.0,17,2,Technical,2,1,4,4,7,0,13,No,0
10086,40,Female,Operations,HR Executive,97853.0,22,4,Medical,1,4,2,1,17,7,11,Yes,0
10087,57,Male,Research & Dev,Engineer,19408.0,13,2,Life Sciences,3,4,2,3,16,8,0,No,0
10088,54,Female,HR,Analyst,87677.0,5,1,Other,3,2,3,1,7,9,3,No,0
10089,48,Male,Operations,Engineer,115903.0,20,1,Life Sciences,1,3,1,2,19,8,2,No,0
10090,45,Male,Research & Dev,Engineer,70472.0,29,2,Marketing,3,3,4,1,16,9,8,No,0
10091,22,Male,Research & Dev,Sales Executive,69621.0,24,1,Medical,4,1,3,3,12,1,0,No,0
10092,49,Female,Research & Dev,Research Scientist,84527.0,7,2,Life Sciences,3,2,2,2,13,5,4,No,0
10093,39,Male,HR,Research Scientist,106577.0,25,2,Marketing,2,4,2,1,8,8,1,No,0
10094,24,Female,IT,Analyst,46239.0,8,2,Other,2,3,2,1,5,3,11,No,0
10095,30,Male,Sales,Manager,71754.0,4,3,Medical,1,1,1,2,1,8,12,Yes,0
10096,42,Male,IT,Engineer,66276.0,4,2,Life Sciences,1,3,3,3,3,9,1,No,0
10097,49,Male,HR,Engineer,81188.0,23,1,Medical,4,2,4,3,9,9,10,No,0
10098,40,Male,Finance,HR Executive,73184.0,12,1,Marketing,3,1,1,4,2,3,2,No,0
10099,44,Male,HR,Research Scientist,83193.0,27,4,Medical,4,1,4,2,1,8,13,Yes,0
10100,54,Female,Operations,HR Executive,61567.0,11,1,Other,1,3,4,4,8,3,14,No,0
10101,47,Female,Research & Dev,Research Scientist,70980.0,2,2,Medical,3,2,1,4,11,9,7,No,0
10102,35,Female,Finance,Research Scientist,56593.0,20,2,Other,4,4,1,1,13,5,11,No,0
10103,46,Male,Sales,Accountant,56714.0,18,4,Medical,1,2,3,1,6,7,11,No,0
10104,44,Male,Research & Dev,HR Executive,67169.0,26,3,Marketing,1,1,4,3,5,1,3,No,0
10105,25,Female,Finance,Sales Executive,67160.0,28,3,Medical,3,1,2,1,1,1,5,No,0
10106,23,Female,Sales,Analyst,46550.0,8,2,Medical,4,2,4,1,19,4,4,No,0
10107,46,Male,Sales,Accountant,101401.0,8,4,Medical,4,1,4,4,14,6,14,No,0
10108,36,Male,Finance,Engineer,67298.0,24,3,Marketing,2,4,4,4,0,1,6,Yes,0
10109,44,Female,Operations,Analyst,42326.0,11,4,Technical,2,3,4,3,18,2,3,Yes,0
10110,33,Male,HR,HR Executive,92031.0,9,2,Medical,4,2,4,1,15,4,3,No,0
10111,29,Male,Research & Dev,Engineer,55034.0,5,1,Life Sciences,3,4,1,3,7,6,0,No,0
10112,26,Female,HR,Manager,80166.0,12,2,Medical,1,1,3,1,3,9,2,Yes,0
10113,35,Male,Sales,Accountant,69660.0,10,4,Other,1,1,1,3,19,7,6,Yes,0
10114,52,Male,HR,Accountant,75012.0,4,1,Medical,1,3,2,2,19,9,14,Yes,0
10115,36,Male,Research & Dev,Accountant,73420.0,5,3,Other,4,1,1,4,9,9,8,Yes,0
10116,35,Male,HR,Accountant,58497.0,26,1,Medical,3,2,3,1,1,9,3,No,0
10117,43,Female,Research & Dev,Research Scientist,70819.0,4,4,Life Sciences,4,1,3,1,6,8,0,Yes,0
10118,59,Male,Sales,HR Executive,110662.0,11,4,Life Sciences,4,4,3,3,18,7,11,Yes,0
10119,36,Female,Finance,Manager,25248.0,12,3,Marketing,3,4,1,1,18,5,10,No,0
10120,44,Male,Research & Dev,Manager,71319.0,21,2,Technical,2,3,1,1,8,7,10,Yes,0
10121,38,Female,Finance,Engineer,78700.0,13,3,Marketing,2,4,1,4,5,9,1,Yes,0
10122,44,Male,Research & Dev,Analyst,48955.0,1,2,Life Sciences,2,4,4,3,5,4,11,No,0
10123,38,Female,Sales,Accountant,42593.0,18,3,Other,3,2,3,1,16,3,4,No,0
10124,45,Male,Research & Dev,Research Scientist,113178.0,21,1,Marketing,3,2,2,4,0,8,4,No,0
10125,42,Male,HR,Engineer,62570.0,16,2,Technical,2,3,2,4,12,6,13,Yes,0
10126,47,Male,IT,HR Executive,111580.0,7,4,Medical,2,4,3,2,4,1,3,Yes,0
10127,58,Female,Operations,Analyst,80715.0,28,1,Life Sciences,4,2,2,1,9,2,9,No,0
10128,26,Male,Sales,Accountant,71523.0,14,3,Technical,2,4,2,2,7,1,9,Yes,0
10129,42,Female,Finance,HR Executive,79519.0,19,2,Other,1,4,2,2,12,9,1,No,0
10130,38,Male,Sales,Research Scientist,82700.0,20,3,Marketing,3,1,2,4,18,1,14,Yes,0
10131,34,Male,Finance,Research Scientist,93593.0,6,3,Marketing,1,2,4,3,10,0,5,No,0
10132,30,Male,Research & Dev,HR Executive,78716.0,5,4,Marketing,2,3,4,2,19,4,5,Yes,0
10133,23,Male,Research & Dev,Manager,72892.0,3,3,Life Sciences,2,2,3,3,11,4,2,Yes,0
10134,36,Female,Research & Dev,Engineer,73526.0,16,1,Technical,1,4,4,4,1,0,3,No,0
10135,53,Female,Research & Dev,HR Executive,97038.0,12,3,Technical,3,2,1,1,17,4,7,No,0
10136,24,Female,Finance,Sales Executive,86339.0,25,3,Marketing,4,3,1,3,11,7,7,No,0
10137,36,Female,HR,Engineer,49960.0,24,2,Life Sciences,1,2,1,2,19,7,4,No,0
10138,58,Male,HR,Accountant,57287.0,5,1,Other,1,4,4,1,0,1,2,No,0
10139,58,Male,Research & Dev,HR Executive,76615.0,19,4,Marketing,2,3,4,2,17,7,14,No,0
10140,29,Female,HR,Analyst,57542.0,14,3,Marketing,4,2,4,2,2,6,5,No,0
10141,21,Female,Research & Dev,Analyst,62470.0,2,2,Technical,4,4,1,1,1,8,6,Yes,0
10142,47,Female,HR,Research Scientist,50882.0,6,2,Other,4,3,3,3,12,5,11,Yes,0
10143,21,Female,Research & Dev,Analyst,64767.0,24,4,Other,2,2,1,4,1,1,14,No,0
10144,32,Male,Research & Dev,Sales Executive,78473.0,5,3,Other,2,3,3,1,10,6,3,Yes,0
10145,40,Male,Sales,Research Scientist,89903.0,13,4,Marketing,1,2,2,3,18,8,5,No,0
10146,55,Male,Research & Dev,HR Executive,70185.0,15,1,Technical,4,2,2,4,18,7,6,Yes,0
10147,24,Female,Sales,Manager,111497.0,24,1,Technical,3,1,1,3,14,5,0,No,0
10148,46,Female,Research & Dev,Manager,68472.0,14,2,Medical,1,4,3,4,18,7,9,No,0
10149,41,Female,Sales,Engineer,133868.0,16,4,Other,3,2,3,2,18,8,13,No,0
10150,26,Male,HR,Analyst,90033.0,19,3,Marketing,3,2,2,4,3,4,2,No,0
10151,53,Female,Operations,Analyst,79934.0,11,1,Other,1,3,1,1,0,4,5,No,0
10152,53,Female,Research & Dev,Research Scientist,60019.0,25,4,Life Sciences,2,3,4,4,12,5,2,No,0
10153,39,Male,Sales,Manager,15000.0,20,1,Medical,3,1,2,3,14,6,3,No,0
10154,57,Male,HR,Engineer,66897.0,21,2,Technical,2,4,3,3,16,2,14,No,0
10155,44,Female,Sales,Engineer,73564.0,28,3,Technical,1,4,2,2,2,0,8,Yes,0
10156,56,Female,Operations,Manager,108449.0,10,1,Technical,4,3,2,4,15,5,13,No,0
10157,58,Male,Sales,Engineer,42405.0,22,2,Medical,4,3,2,2,5,6,5,Yes,0
10158,43,Female,Research & Dev,HR Executive,108118.0,15,1,Other,1,1,4,2,11,0,13,No,0
10159,31,Female,Research & Dev,Sales Executive,64975.0,11,4,Life Sciences,1,2,2,3,19,1,7,No,0
10160,26,Female,Sales,Engineer,84481.0,20,3,Life Sciences,4,1,4,2,10,9,8,No,0
10161,42,Male,Research & Dev,HR Executive,19203.0,5,1,Other,2,1,4,1,15,5,0,No,0
10162,28,Male,Sales,HR Executive,72781.0,25,4,Life Sciences,1,4,1,3,11,9,7,Yes,0
10163,50,Male,Finance,Manager,63125.0,27,4,Other,2,1,3,1,18,7,1,No,0
10164,57,Female,IT,Research Scientist,83649.0,20,1,Technical,3,3,1,2,8,0,1,Yes,0
10165,30,Male,Research & Dev,Analyst,71825.0,12,3,Life Sciences,2,2,1,3,0,1,7,Yes,0
10166,42,Male,Finance,Sales Executive,47155.0,15,2,Technical,2,1,1,2,11,0,3,No,0
10167,22,Female,Sales,Manager,88940.0,9,2,Marketing,2,4,2,2,4,8,0,No,0
10168,28,Female,Research & Dev,Accountant,83893.0,4,1,Life Sciences,3,1,4,2,17,3,1,No,0
10169,35,Female,Research & Dev,HR Executive,81935.0,26,1,Medical,2,4,1,3,19,2,0,No,0
10170,55,Male,Research & Dev,Accountant,90178.0,26,4,Life Sciences,4,2,1,2,6,5,7,No,0
10171,58,Male,Operations,Sales Executive,92019.0,18,2,Life Sciences,4,4,2,3,16,6,11,Yes,0
10172,46,Male,Finance,Engineer,69564.0,9,1,Medical,4,1,2,2,8,4,6,No,0
10173,43,Male,Sales,Sales Executive,42847.0,29,4,Medical,1,4,1,4,18,0,2,No,0
10174,43,Female,Research & Dev,Accountant,42301.0,12,1,Medical,1,4,3,4,8,3,2,No,0
10175,23,Male,Operations,Analyst,96995.0,17,4,Medical,4,4,1,1,15,3,8,No,0
10176,35,Male,IT,Engineer,84209.0,26,4,Life Sciences,2,1,2,4,17,6,1,No,0
10177,59,Female,HR,Research Scientist,72041.0,2,1,Other,3,2,4,3,7,6,3,Yes,0
10178,37,Male,Operations,Engineer,61307.0,7,4,Life Sciences,2,4,2,4,4,4,8,No,0
10179,29,Female,IT,HR Executive,70631.0,22,3,Marketing,3,1,2,3,9,2,0,Yes,0
10180,30,Female,Finance,Manager,70496.0,27,4,Medical,3,3,1,4,8,4,2,Yes,0
10181,48,Female,HR,HR Executive,63265.0,26,3,Marketing,1,3,1,4,7,1,11,Yes,0
10182,22,Male,Sales,Manager,56020.0,7,1,Life Sciences,1,3,1,2,15,0,0,Yes,0
10183,58,Male,Research & Dev,Research Scientist,113286.0,23,3,Technical,3,3,3,1,9,1,4,No,0
10184,55,Male,HR,Analyst,74571.0,3,2,Life Sciences,4,3,3,2,7,5,3,Yes,0
10185,43,Female,IT,Engineer,57884.0,18,3,Other,4,4,2,4,10,5,7,Yes,0
10186,39,Male,Research & Dev,Research Scientist,43959.0,15,3,Life Sciences,4,3,1,4,17,0,12,No,0
10187,50,Male,Research & Dev,Analyst,55486.0,25,3,Technical,1,1,1,3,3,7,10,Yes,0
10188,42,Male,Sales,Manager,84395.0,24,4,Medical,4,2,4,1,10,8,9,No,0
10189,39,Male,Finance,Accountant,85168.0,2,2,Life Sciences,2,3,3,1,1,2,3,Yes,0
10190,33,Male,Research & Dev,Analyst,65633.0,12,4,Technical,1,2,1,3,1,4,7,Yes,0
10191,38,Male,Finance,Sales Executive,71034.0,3,1,Other,4,3,4,4,18,3,6,Yes,0
10192,50,Female,Sales,Sales Executive,63899.0,25,1,Technical,1,1,2,3,7,3,3,No,0
10193,23,Male,HR,Analyst,47843.0,1,3,Other,3,3,2,1,4,9,3,No,0
10194,21,Female,HR,Manager,96034.0,12,2,Technical,4,1,1,3,2,6,7,No,0
10195,49,Female,Research & Dev,Sales Executive,77453.0,20,3,Other,4,1,2,3,13,6,4,No,0
10196,35,Female,Sales,Research Scientist,119527.0,24,4,Marketing,3,4,4,3,8,8,0,No,0
10197,52,Female,Research & Dev,Manager,54877.0,27,3,Technical,2,4,1,1,8,4,10,No,0
10198,22,Female,Finance,Engineer,67249.0,4,3,Life Sciences,1,4,4,3,7,1,4,No,0
10199,56,Female,Sales,Research Scientist,87659.0,8,4,Technical,2,1,4,4,16,7,11,No,0
10200,25,Male,Sales,HR Executive,65098.0,9,3,Life Sciences,1,4,1,1,6,4,7,No,0
10201,37,Female,Research & Dev,Engineer,42246.0,8,4,Medical,2,1,1,4,1,9,2,Yes,0
10202,58,Female,Sales,Engineer,51023.0,4,4,Life Sciences,1,1,1,1,16,9,1,No,0
10203,25,Female,Operations,Engineer,72015.0,22,4,Life Sciences,3,3,3,1,6,3,10,No,0
10204,46,Female,Operations,Engineer,76867.0,22,4,Other,3,3,1,4,17,8,8,No,0
10205,49,Female,IT,Sales Executive,68108.0,14,1,Medical,2,1,1,2,16,7,13,No,0
10206,37,Female,Operations,Engineer,90070.0,14,4,Other,3,3,3,4,15,3,6,No,0
10207,24,Male,HR,Research Scientist,89855.0,23,4,Technical,4,4,4,3,6,6,7,No,0
10208,41,Female,Sales,Research Scientist,76456.0,20,3,Marketing,2,2,3,3,15,3,0,No,0
10209,37,Female,Operations,HR Executive,70538.0,5,1,Other,3,3,3,1,17,8,6,No,0
10210,55,Female,Finance,Manager,64942.0,7,2,Technical,4,2,3,3,17,8,2,Yes,0
10211,47,Male,Finance,HR Executive,81021.0,15,4,Other,1,4,2,2,17,9,1,Yes,0
10212,34,Male,Finance,HR Executive,88393.0,22,1,Technical,3,3,2,1,18,0,7,No,0
10213,23,Male,Operations,Research Scientist,71212.0,29,2,Life Sciences,1,3,3,2,6,7,5,No,0
10214,44,Female,Research & Dev,Accountant,79000.0,29,1,Other,3,1,2,2,3,1,13,Yes,0
10215,31,Female,HR,Analyst,63514.0,15,4,Marketing,2,3,1,3,4,8,7,No,0
10216,47,Male,Research & Dev,Research Scientist,41769.0,3,3,Medical,2,2,3,3,17,5,0,No,0
10217,54,Male,Research & Dev,Research Scientist,49981.0,17,1,Life Sciences,1,3,1,4,3,4,14,Yes,0
10218,34,Male,Research & Dev,Sales Executive,85315.0,10,4,Other,2,2,1,3,3,5,8,Yes,0
10219,56,Female,Sales,Research Scientist,78940.0,6,1,Technical,3,1,2,4,17,9,1,No,0
10220,41,Female,Research & Dev,Accountant,101804.0,26,4,Technical,2,2,4,1,5,5,4,No,0
10221,41,Female,Research & Dev,Research Scientist,71122.0,25,3,Marketing,1,2,3,4,13,9,0,No,0
10222,50,Female,Research & Dev,Accountant,87295.0,25,4,Medical,4,3,4,1,15,7,5,No,0
10223,51,Female,Operations,Engineer,96460.0,2,1,Marketing,1,1,3,1,1,9,11,Yes,0
10224,56,Male,Finance,Engineer,89889.0,26,2,Medical,2,2,3,4,2,8,13,No,0
10225,59,Female,Finance,Accountant,57829.0,26,1,Technical,1,3,1,1,15,0,2,Yes,0
10226,26,Female,IT,HR Executive,66309.0,7,2,Life Sciences,1,4,1,4,19,3,9,No,0
10227,37,Female,Sales,Analyst,72595.0,17,4,Technical,4,1,3,2,1,3,2,No,0
10228,57,Female,Research & Dev,Engineer,50283.0,17,1,Marketing,2,4,1,1,18,3,4,Yes,0
10229,32,Male,Sales,Accountant,79486.0,14,4,Life Sciences,4,2,4,1,19,5,9,Yes,0
10230,21,Male,Research & Dev,Accountant,90480.0,3,3,Other,4,4,4,4,0,8,6,No,0
10231,43,Male,IT,Manager,60383.0,4,1,Marketing,3,1,4,1,18,1,3,No,0
10232,50,Male,Sales,Research Scientist,109451.0,13,4,Technical,3,4,4,4,12,2,14,No,0
10233,49,Female,Finance,Sales Executive,64186.0,8,2,Other,4,4,3,2,14,3,1,Yes,0
10234,52,Male,Operations,Analyst,65941.0,17,4,Life Sciences,1,3,3,1,18,8,13,No,0
10235,46,Female,Research & Dev,Engineer,65234.0,18,2,Marketing,3,3,3,1,6,0,1,No,0
10236,26,Female,Finance,Engineer,55834.0,8,2,Life Sciences,2,2,4,4,10,7,6,No,0
10237,54,Male,Research & Dev,Accountant,78357.0,13,1,Marketing,3,1,1,2,5,1,6,No,0
10238,37,Female,Research & Dev,Research Scientist,70401.0,13,1,Medical,2,4,2,2,10,8,7,No,0
10239,54,Male,Research & Dev,Analyst,103227.0,29,3,Other,4,4,3,3,9,9,5,No,0
10240,52,Female,Sales,HR Executive,82146.0,11,4,Life Sciences,1,1,4,2,11,6,6,No,0
10241,58,Male,Research & Dev,Sales Executive,80754.0,16,2,Marketing,4,4,3,1,13,6,4,No,0
10242,21,Male,Research & Dev,Research Scientist,65569.0,3,4,Life Sciences,4,3,3,1,11,1,2,No,0
10243,54,Female,IT,HR Executive,41715.0,11,4,Other,4,4,1,3,3,8,7,No,0
10244,45,Female,Research & Dev,Engineer,68210.0,2,4,Technical,4,3,2,3,11,7,14,Yes,0
10245,39,Female,Sales,Research Scientist,52994.0,3,4,Marketing,1,4,2,3,9,0,3,Yes,0
10246,51,Female,IT,HR Executive,89037.0,23,2,Medical,1,1,3,3,13,4,3,Yes,0
10247,58,Female,Sales,Accountant,69391.0,1,1,Medical,1,1,1,1,9,4,13,Yes,0
10248,41,Male,IT,Manager,103315.0,1,2,Marketing,3,1,1,3,19,1,3,Yes,0
10249,24,Male,Operations,Manager,84706.0,26,4,Life Sciences,1,1,2,1,0,9,3,No,0
10250,49,Male,HR,Accountant,86711.0,29,3,Medical,2,3,2,1,1,1,1,Yes,0
10251,29,Female,Research & Dev,Research Scientist,74613.0,6,3,Life Sciences,1,3,1,1,18,6,5,No,0
10252,29,Male,Sales,Engineer,74173.0,27,4,Other,1,4,4,4,4,2,14,No,0
10253,28,Female,Sales,Manager,83065.0,24,4,Technical,3,4,3,2,12,8,12,Yes,0
10254,28,Female,Sales,HR Executive,88453.0,29,1,Marketing,2,2,2,2,0,1,13,No,0
10255,56,Male,Research & Dev,Engineer,55789.0,12,4,Technical,3,4,2,2,17,3,1,No,0
10256,35,Female,Research & Dev,Sales Executive,79846.0,23,2,Life Sciences,1,3,3,2,1,1,9,No,0
10257,25,Female,IT,Sales Executive,122422.0,3,4,Technical,4,4,1,3,4,2,13,Yes,0
10258,27,Male,Research & Dev,Sales Executive,68206.0,1,1,Technical,3,3,3,3,4,8,7,Yes,0
10259,36,Female,IT,Accountant,64889.0,2,1,Technical,3,2,1,3,18,8,2,No,0
10260,34,Male,Finance,Engineer,56151.0,4,1,Medical,2,3,4,1,18,9,8,No,0
10261,33,Female,Sales,Manager,41029.0,27,4,Medical,4,1,4,2,0,2,0,No,0
10262,57,Male,Research & Dev,Accountant,93778.0,10,1,Marketing,3,2,1,4,6,9,5,No,0
10263,54,Male,Sales,Manager,71219.0,11,3,Other,2,1,1,3,14,8,7,No,0
10264,43,Male,Sales,Engineer,75993.0,6,4,Medical,4,3,3,3,12,5,13,Yes,0
10265,59,Male,IT,Analyst,106897.0,15,2,Other,4,1,3,4,17,5,1,No,0
10266,34,Female,Research & Dev,Accountant,120184.0,2,3,Marketing,3,3,2,4,6,5,8,No,0
10267,26,Female,Sales,Analyst,52229.0,7,2,Technical,2,4,4,4,15,7,3,Yes,0
10268,31,Male,Sales,Sales Executive,91091.0,27,2,Medical,2,4,1,2,19,0,12,Yes,0
10269,24,Female,HR,Manager,82477.0,27,2,Medical,2,2,4,2,6,9,11,No,0
10270,58,Male,Research & Dev,Accountant,77992.0,27,2,Medical,1,3,1,2,3,1,10,Yes,0
10271,29,Male,Sales,Manager,79600.0,10,1,Medical,1,3,4,2,11,1,14,No,0
10272,38,Male,Finance,Accountant,69569.0,23,2,Life Sciences,3,3,3,2,7,7,10,No,0
10273,28,Female,Sales,Sales Executive,101826.0,3,2,Medical,3,2,1,2,19,4,11,No,0
10274,59,Female,Finance,Engineer,82333.0,8,4,Other,3,1,1,2,7,5,10,Yes,0
10275,27,Female,Research & Dev,Research Scientist,76941.0,9,3,Life Sciences,4,1,4,4,0,4,0,Yes,0
10276,41,Female,Research & Dev,Analyst,94988.0,25,2,Medical,4,1,3,2,4,5,11,No,0
10277,58,Male,Research & Dev,Analyst,87982.0,25,2,Medical,1,1,3,1,2,7,12,Yes,0
10278,41,Male,HR,Engineer,79256.0,24,1,Medical,1,4,2,4,1,7,12,No,0
10279,56,Female,IT,HR Executive,76591.0,11,2,Other,2,2,4,3,2,7,6,Yes,0
10280,55,Male,Finance,Research Scientist,105169.0,10,3,Marketing,1,1,2,3,7,8,10,Yes,1
10281,50,Female,Sales,Engineer,80246.0,25,4,Other,3,4,1,1,10,7,11,No,0
10282,49,Male,Research & Dev,Engineer,68260.0,4,4,Life Sciences,4,2,4,4,4,7,4,No,0
10283,43,Female,Sales,Sales Executive,52913.0,14,4,Technical,3,4,1,3,11,7,11,No,0
10284,43,Female,Sales,Engineer,63176.0,4,1,Medical,3,4,1,1,0,0,3,Yes,0
10285,53,Female,Sales,Accountant,49062.0,18,3,Other,4,2,4,4,14,9,12,Yes,0
10286,37,Female,Sales,Analyst,72209.0,12,4,Marketing,1,1,3,2,17,5,2,No,0
10287,57,Female,IT,Research Scientist,75197.0,20,1,Technical,2,1,3,3,18,4,5,No,0
10288,55,Male,Finance,Research Scientist,29042.0,25,1,Marketing,3,3,2,1,6,8,12,No,0
10289,35,Male,Operations,HR Executive,70422.0,7,4,Medical,4,3,3,4,16,3,2,No,0
10290,37,Female,Finance,Sales Executive,83038.0,3,2,Marketing,1,1,1,4,0,8,7,No,0
10291,48,Male,Research & Dev,Research Scientist,73386.0,3,4,Technical,1,3,3,4,8,3,13,Yes,0
10292,56,Male,Research & Dev,Research Scientist,50961.0,13,4,Medical,3,3,2,1,12,9,0,No,0
10293,24,Female,Research & Dev,Research Scientist,95429.0,23,2,Technical,3,4,4,1,10,9,9,No,0
10294,23,Female,Research & Dev,HR Executive,56125.0,11,4,Technical,3,4,4,3,9,5,8,No,0
10295,30,Male,Research & Dev,Sales Executive,45485.0,23,3,Other,1,2,3,1,1,8,4,No,0
10296,37,Male,Finance,Research Scientist,48437.0,26,1,Technical,3,4,1,3,13,5,12,No,0
10297,27,Male,Sales,Accountant,69760.0,29,3,Marketing,3,3,3,4,17,4,9,No,0
10298,41,Female,Sales,Sales Executive,89708.0,5,3,Medical,1,4,3,1,7,0,13,No,0
10299,42,Female,Research & Dev,Manager,93360.0,18,3,Marketing,1,4,4,1,8,3,6,Yes,0
10300,58,Male,HR,Research Scientist,74241.0,20,3,Medical,4,3,2,4,2,5,14,No,0
10301,50,Male,HR,HR Executive,46172.0,16,2,Life Sciences,4,1,3,4,11,1,6,Yes,0
10302,30,Male,Finance,Analyst,56906.0,10,2,Technical,4,3,3,4,12,5,13,No,0
10303,51,Female,Sales,Research Scientist,52085.0,12,1,Other,1,4,3,2,18,3,11,No,0
10304,52,Female,Sales,Engineer,66469.0,19,4,Marketing,4,1,3,1,7,9,2,No,0
10305,47,Male,Research & Dev,Accountant,34553.0,15,4,Other,3,1,1,4,15,1,13,Yes,0
10306,47,Female,Research & Dev,Accountant,72255.0,24,3,Other,4,1,1,1,17,8,7,No,0
10307,33,Male,Finance,Accountant,82931.0,6,2,Life Sciences,3,4,3,2,13,8,2,Yes,0
10308,48,Male,IT,HR Executive,67047.0,24,1,Life Sciences,2,3,4,3,6,0,10,No,0
10309,26,Male,Finance,Accountant,79228.0,18,4,Other,2,2,4,1,8,7,4,No,0
10310,45,Male,Sales,Accountant,51251.0,25,2,Marketing,4,1,2,3,4,1,9,Yes,0
10311,56,Male,Research & Dev,Engineer,40927.0,1,4,Marketing,4,4,1,1,18,3,0,No,0
10312,58,Male,Operations,Accountant,57280.0,9,3,Medical,3,4,1,3,3,3,5,No,0
10313,32,Female,IT,Manager,93161.0,28,1,Medical,3,2,1,1,12,1,5,Yes,0
10314,33,Male,Research & Dev,Analyst,90618.0,9,3,Medical,3,1,1,3,5,7,0,No,0
10315,45,Female,Research & Dev,Manager,60881.0,13,1,Technical,4,4,2,4,0,7,14,No,0
10316,36,Male,Research & Dev,Sales Executive,94093.0,4,3,Other,3,3,4,4,4,1,13,No,0
10317,49,Female,HR,Sales Executive,63518.0,26,1,Medical,1,2,1,2,8,3,7,No,0
10318,28,Male,Operations,Accountant,100253.0,8,3,Medical,1,2,4,4,10,7,11,No,0
10319,27,Female,Research & Dev,Engineer,79667.0,28,3,Medical,4,3,2,4,3,7,1,No,0
10320,22,Male,Sales,Research Scientist,60975.0,4,1,Technical,4,3,2,2,7,5,12,No,0
10321,39,Male,Sales,Manager,85919.0,25,2,Technical,1,1,4,2,7,5,0,Yes,0
10322,29,Male,Sales,Engineer,54518.0,23,1,Other,3,4,2,3,19,8,5,No,0
10323,32,Male,Operations,Sales Executive,51295.0,1,4,Marketing,2,1,4,2,12,6,8,No,0
10324,56,Female,HR,Research Scientist,40989.0,2,1,Other,1,2,3,2,4,3,3,No,0
10325,52,Female,IT,Sales Executive,75172.0,18,2,Marketing,3,4,1,1,1,4,7,No,0
10326,53,Male,Sales,HR Executive,68937.0,6,3,Life Sciences,2,4,1,4,18,4,12,Yes,0
10327,44,Male,Research & Dev,Manager,68458.0,28,2,Marketing,4,3,1,3,2,1,14,Yes,0
10328,25,Male,Finance,Research Scientist,61803.0,23,2,Life Sciences,1,4,4,2,6,0,9,No,0
10329,50,Male,HR,Research Scientist,98758.0,18,2,Other,3,1,1,2,2,9,3,Yes,0
10330,44,Male,Sales,Manager,61528.0,23,4,Life Sciences,2,3,1,1,9,5,10,Yes,1
10331,56,Female,Research & Dev,Engineer,55532.0,1,3,Technical,4,1,4,4,11,9,5,No,0
10332,39,Female,HR,Research Scientist,94922.0,29,4,Medical,4,3,1,4,19,7,0,No,0
10333,27,Female,Finance,Research Scientist,98426.0,26,4,Life Sciences,3,4,3,4,8,7,14,No,0
10334,44,Male,Research & Dev,Accountant,76777.0,12,1,Other,2,2,2,2,15,5,1,No,0
10335,38,Male,Sales,Sales Executive,35199.0,23,4,Marketing,4,3,3,1,9,4,11,No,0
10336,46,Male,IT,Engineer,58006.0,2,2,Technical,2,4,2,4,18,5,11,No,0
10337,35,Male,Research & Dev,Sales Executive,82258.0,9,2,Technical,2,2,3,2,4,7,5,Yes,0
10338,32,Female,Finance,Engineer,70354.0,24,2,Life Sciences,4,2,1,3,10,9,13,Yes,0
10339,25,Female,Research & Dev,Research Scientist,101082.0,5,3,Other,1,2,2,1,1,2,3,No,0
10340,58,Male,Sales,Manager,42662.0,9,3,Life Sciences,1,1,2,3,6,7,5,No,0
10341,50,Male,Sales,Analyst,83568.0,20,1,Life Sciences,1,3,4,3,11,8,10,No,0
10342,39,Female,Sales,Research Scientist,57459.0,23,4,Technical,1,3,4,3,13,3,13,No,0
10343,30,Female,Sales,HR Executive,96461.0,24,2,Life Sciences,1,2,2,2,1,5,2,No,0
10344,45,Female,Sales,Accountant,68498.0,1,3,Technical,3,4,4,4,13,9,2,Yes,0
10345,37,Male,Research & Dev,Manager,90613.0,13,2,Technical,1,4,1,4,19,5,2,No,0
10346,45,Male,Research & Dev,HR Executive,57049.0,2,2,Life Sciences,1,4,1,4,0,7,8,No,0
10347,24,Male,Research & Dev,HR Executive,41810.0,13,3,Life Sciences,1,3,3,2,2,0,3,Yes,0
10348,28,Female,Operations,HR Executive,47792.0,18,3,Marketing,3,3,4,3,2,3,5,No,0
10349,49,Male,Sales,HR Executive,57866.0,8,2,Marketing,1,1,4,1,17,0,9,No,0
10350,23,Male,Sales,Accountant,49504.0,20,2,Life Sciences,4,2,2,2,18,2,8,No,0
10351,47,Male,Operations,Research Scientist,94009.0,8,1,Technical,3,2,4,4,6,1,6,No,0
10352,37,Male,Research & Dev,Analyst,96778.0,17,3,Medical,3,3,4,2,14,6,2,No,0
10353,21,Female,Research & Dev,Accountant,75461.0,18,1,Marketing,1,4,1,1,14,1,8,Yes,0
10354,50,Male,Sales,Research Scientist,49316.0,16,1,Life Sciences,1,3,2,2,16,5,5,No,0
10355,48,Male,Research & Dev,Manager,67633.0,1,2,Marketing,4,1,1,1,7,0,8,Yes,0
10356,52,Female,Sales,Engineer,56280.0,18,3,Other,1,4,2,2,3,5,6,No,0
10357,55,Female,Operations,Sales Executive,99081.0,11,1,Life Sciences,2,3,2,4,5,6,14,Yes,0
10358,49,Female,Operations,Manager,76319.0,4,2,Marketing,3,4,3,2,19,1,8,No,0
10359,53,Female,Research & Dev,Manager,79789.0,19,3,Life Sciences,3,2,4,4,17,1,12,No,0
10360,25,Male,Sales,Analyst,62006.0,2,3,Technical,4,3,2,2,6,7,3,No,0
10361,56,Male,Operations,Analyst,29774.0,6,4,Medical,1,4,1,1,2,8,9,No,0
10362,56,Female,Research & Dev,Analyst,54577.0,11,3,Medical,3,4,2,2,2,8,9,No,0
10363,48,Female,HR,HR Executive,47667.0,5,2,Medical,3,4,3,1,18,6,13,No,0
10364,52,Male,Operations,Analyst,77405.0,16,3,Medical,3,3,3,2,7,4,3,Yes,0
10365,49,Female,Finance,HR Executive,71931.0,22,4,Life Sciences,4,1,3,2,18,7,0,No,0
10366,55,Male,Operations,Accountant,53967.0,8,3,Technical,3,4,3,2,7,3,14,Yes,0
10367,55,Male,Research & Dev,Analyst,62228.0,28,2,Medical,4,2,4,1,14,5,13,No,0
10368,41,Female,Operations,HR Executive,101330.0,6,1,Technical,2,3,2,1,1,9,3,No,0
10369,52,Male,Research & Dev,Analyst,50813.0,26,2,Other,2,2,3,1,5,2,8,Yes,0
10370,56,Female,Sales,Manager,51641.0,13,4,Other,3,1,4,3,16,9,1,Yes,0
10371,32,Male,Research & Dev,Sales Executive,65433.0,23,3,Marketing,2,4,4,2,7,7,4,No,0
10372,22,Male,Research & Dev,HR Executive,56017.0,12,3,Medical,1,3,3,1,17,1,4,No,0
10373,27,Male,Finance,Sales Executive,61425.0,26,1,Medical,2,2,1,4,1,8,9,Yes,0
10374,22,Female,Operations,Accountant,80629.0,8,3,Medical,2,4,4,1,3,5,8,No,0
10375,37,Female,Sales,Research Scientist,104644.0,1,3,Other,4,4,4,4,13,8,1,No,0
10376,21,Male,Sales,HR Executive,34410.0,27,2,Marketing,4,2,3,1,11,4,6,Yes,0
10377,31,Female,Research & Dev,Accountant,69635.0,19,3,Other,3,2,4,3,14,3,12,Yes,0
10378,30,Male,Research & Dev,Analyst,70829.0,28,1,Medical,1,1,1,3,17,2,9,Yes,0
10379,48,Female,IT,HR Executive,68321.0,8,1,Life Sciences,3,2,4,3,2,7,2,No,0
10380,30,Male,IT,Accountant,66258.0,2,4,Other,3,2,3,2,7,5,1,No,0
10381,58,Male,IT,HR Executive,63193.0,13,2,Life Sciences,1,4,2,2,3,2,10,No,0
10382,28,Female,Finance,Analyst,90084.0,14,4,Medical,3,4,1,1,10,6,6,No,0
10383,58,Female,HR,Accountant,60697.0,16,3,Technical,2,2,2,3,5,1,1,No,0
10384,43,Male,Sales,Sales Executive,67454.0,7,4,Medical,1,1,1,4,4,3,8,Yes,0
10385,30,Male,Research & Dev,Sales Executive,69998.0,26,3,Other,2,3,3,1,6,3,1,No,0
10386,22,Female,Sales,Research Scientist,72150.0,10,2,Marketing,4,1,3,2,9,3,14,No,0
10387,32,Male,Operations,Accountant,66583.0,14,4,Medical,2,3,2,3,16,5,7,No,0
10388,44,Female,Sales,Engineer,89985.0,1,4,Marketing,1,4,1,4,6,8,13,No,0
10389,25,Female,Sales,Research Scientist,69826.0,13,4,Medical,4,2,2,3,16,1,4,No,0
10390,27,Male,Research & Dev,Manager,73481.0,3,4,Medical,4,4,1,2,16,6,8,Yes,0
10391,25,Male,Research & Dev,Sales Executive,68971.0,16,2,Life Sciences,2,3,3,3,14,1,4,No,0
10392,47,Female,Finance,Manager,49940.0,1,3,Life Sciences,2,4,3,2,3,3,4,Yes,0
10393,24,Female,Sales,Engineer,53401.0,9,4,Life Sciences,2,2,3,3,4,9,14,No,0
10394,21,Male,Sales,Manager,49000.0,4,4,Technical,3,4,4,3,0,1,1,Yes,0
10395,38,Female,Operations,Analyst,73853.0,3,2,Life Sciences,1,2,1,3,10,0,5,No,0
10396,33,Female,Operations,Research Scientist,55730.0,19,4,Life Sciences,4,3,1,1,18,3,9,No,0
10397,43,Male,HR,Sales Executive,48772.0,29,3,Life Sciences,1,2,1,1,18,6,11,No,0
10398,57,Female,Research & Dev,Sales Executive,74762.0,3,1,Other,4,3,2,4,3,9,8,Yes,0
10399,54,Female,Sales,Engineer,80501.0,14,3,Other,4,1,1,2,9,6,3,No,0
10400,41,Female,Operations,Sales Executive,34784.0,26,1,Medical,2,3,1,1,10,8,7,No,0
10401,46,Female,Finance,Research Scientist,103793.0,27,4,Marketing,3,4,4,1,19,4,8,Yes,0
10402,52,Female,Research & Dev,Engineer,70646.0,24,2,Medical,1,3,3,4,14,2,10,No,0
10403,38,Female,Sales,HR Executive,67897.0,1,1,Medical,3,2,2,4,5,5,12,Yes,0
10404,46,Male,Sales,Manager,91336.0,8,3,Marketing,3,2,3,3,6,6,6,No,0
10405,29,Female,Research & Dev,Analyst,71396.0,1,1,Other,3,4,4,3,14,2,5,No,0
10406,44,Female,Research & Dev,Analyst,57923.0,21,3,Other,3,1,2,4,18,0,11,Yes,0
10407,30,Male,Sales,HR Executive,113891.0,12,4,Life Sciences,3,3,3,4,12,6,2,Yes,0
10408,28,Male,Research & Dev,Accountant,48512.0,28,3,Medical,1,3,1,1,6,9,4,Yes,0
10409,50,Female,Research & Dev,HR Executive,68048.0,7,2,Technical,1,3,4,4,3,6,13,No,0
10410,43,Female,Research & Dev,Engineer,86944.0,4,4,Marketing,2,3,3,4,3,9,4,No,0
10411,35,Female,Research & Dev,HR Executive,48607.0,12,1,Medical,1,4,3,1,3,8,7,No,0
10412,22,Female,Research & Dev,HR Executive,67959.0,17,4,Marketing,4,4,3,3,1,2,13,Yes,0
10413,30,Male,Research & Dev,HR Executive,77731.0,13,3,Medical,3,2,1,1,19,6,8,Yes,0
10414,52,Female,HR,HR Executive,118033.0,14,1,Life Sciences,3,2,3,2,17,3,8,No,0
10415,39,Male,Research & Dev,HR Executive,52144.0,15,4,Technical,3,1,1,3,7,6,5,No,0
10416,58,Male,Sales,Accountant,69047.0,9,2,Medical,1,2,3,1,4,3,14,No,0
10417,56,Male,Finance,Manager,83174.0,3,4,Medical,4,4,1,3,11,0,14,No,0
10418,54,Male,Research & Dev,Sales Executive,71621.0,9,4,Other,3,1,4,1,17,1,0,Yes,0
10419,21,Male,Research & Dev,Analyst,45943.0,15,1,Marketing,4,1,4,2,10,0,14,No,0
10420,22,Female,Finance,Manager,78163.0,3,4,Other,2,1,2,4,9,6,13,No,0
10421,43,Male,Finance,Sales Executive,72151.0,12,3,Marketing,3,2,1,3,17,8,11,Yes,0
10422,34,Female,Operations,Accountant,78913.0,19,1,Medical,4,1,4,4,18,3,0,No,0
10423,53,Female,Operations,Accountant,92629.0,3,2,Technical,2,3,4,1,19,3,5,No,0
10424,33,Male,HR,Analyst,90264.0,6,3,Other,2,3,1,2,1,0,11,No,0
10425,26,Male,Finance,HR Executive,78155.0,28,1,Medical,3,4,1,4,7,8,9,No,0
10426,25,Female,Sales,Accountant,76212.0,13,1,Life Sciences,1,4,2,3,17,2,8,No,0
10427,32,Female,Finance,Analyst,48031.0,7,2,Other,3,2,3,4,3,1,4,Yes,0
10428,45,Male,Sales,Research Scientist,67314.0,27,3,Technical,1,1,1,3,19,6,1,Yes,0
10429,25,Female,Sales,Sales Executive,74406.0,6,4,Medical,3,4,4,2,15,0,9,No,0
10430,52,Male,Sales,Sales Executive,61980.0,11,4,Life Sciences,1,1,2,2,14,7,4,Yes,0
10431,32,Male,Research & Dev,Sales Executive,71952.0,26,4,Marketing,1,1,3,1,13,3,12,No,0
10432,33,Female,Sales,Accountant,53494.0,10,1,Marketing,4,3,4,2,2,0,7,Yes,0
10433,46,Male,HR,Engineer,100687.0,4,3,Marketing,1,4,1,3,10,9,0,No,0
10434,54,Male,Finance,Manager,113042.0,28,4,Marketing,2,2,4,3,19,5,8,No,0
10435,37,Male,Finance,Accountant,62209.0,29,3,Technical,3,3,2,1,7,2,12,No,0
10436,52,Male,Sales,Analyst,78007.0,17,2,Marketing,2,1,2,2,16,6,7,No,0
10437,32,Male,HR,Manager,65317.0,7,1,Other,3,2,1,1,12,4,9,Yes,0
10438,26,Male,Operations,Accountant,95257.0,17,4,Other,4,4,2,3,4,6,0,Yes,0
10439,53,Male,Sales,HR Executive,78700.0,7,2,Life Sciences,1,4,4,1,5,8,0,Yes,0
10440,50,Male,Sales,Research Scientist,71547.0,7,4,Medical,1,1,2,2,19,6,14,Yes,0
10441,50,Female,Sales,Engineer,65527.0,22,3,Other,2,4,4,1,3,6,0,No,0
10442,55,Male,Research & Dev,Accountant,72523.0,19,1,Life Sciences,3,2,4,3,1,7,5,No,0
10443,40,Male,Sales,Manager,49993.0,11,1,Medical,3,2,3,1,2,7,5,No,0
10444,28,Male,Research & Dev,Manager,83511.0,11,3,Life Sciences,4,4,2,1,2,3,10,Yes,0
10445,43,Female,Research & Dev,Analyst,55720.0,16,2,Medical,1,2,1,1,10,5,13,No,0
10446,43,Female,HR,Research Scientist,80698.0,16,4,Technical,4,4,1,4,0,8,13,No,0
10447,36,Male,Research & Dev,Accountant,72593.0,1,2,Life Sciences,1,1,4,4,19,5,8,No,0
10448,45,Female,Finance,Research Scientist,91899.0,12,2,Life Sciences,1,4,4,1,11,4,14,No,0
10449,31,Male,Sales,HR Executive,69660.0,16,2,Life Sciences,2,4,1,4,14,5,13,Yes,0
10450,44,Female,Finance,Analyst,90461.0,3,3,Life Sciences,2,3,3,3,8,0,2,Yes,0
10451,51,Male,Finance,Engineer,51553.0,21,1,Technical,4,4,4,2,8,9,7,No,0
10452,24,Female,Finance,Analyst,82189.0,26,2,Life Sciences,2,1,2,3,1,6,13,Yes,0
10453,38,Female,Sales,Engineer,65518.0,22,4,Life Sciences,2,1,3,2,6,0,1,Yes,0
10454,46,Male,IT,Accountant,73884.0,21,1,Other,3,1,4,2,9,3,7,No,0
10455,22,Female,Research & Dev,Analyst,71435.0,25,2,Medical,3,3,1,4,1,5,13,No,0
10456,45,Male,Sales,Sales Executive,88726.0,28,2,Marketing,1,3,3,4,17,6,9,No,0
10457,56,Female,Research & Dev,HR Executive,29608.0,7,2,Medical,1,2,3,2,9,9,6,Yes,0
10458,53,Male,Research & Dev,Sales Executive,76462.0,9,2,Life Sciences,1,3,1,1,1,3,3,No,0
10459,47,Male,Research & Dev,Analyst,40110.0,12,1,Technical,2,4,3,3,6,4,8,No,0
10460,52,Male,Sales,Research Scientist,94136.0,9,4,Technical,2,1,4,2,12,4,2,Yes,0
10461,35,Female,Sales,HR Executive,30545.0,23,4,Medical,3,1,3,4,13,6,12,Yes,0
10462,33,Female,Research & Dev,Engineer,49924.0,4,1,Medical,1,1,2,2,3,5,8,No,0
10463,24,Female,Finance,Engineer,36522.0,5,4,Life Sciences,1,4,2,3,7,5,11,Yes,0
10464,49,Male,Research & Dev,HR Executive,102785.0,9,2,Marketing,3,2,1,3,10,7,13,Yes,0
10465,33,Male,Sales,Research Scientist,44220.0,23,4,Marketing,3,4,3,3,16,8,13,Yes,0
10466,54,Male,Research & Dev,Analyst,72278.0,10,2,Other,2,2,4,3,6,2,6,Yes,0
10467,39,Male,Sales,Research Scientist,59284.0,19,2,Medical,2,3,1,1,13,7,10,No,0
10468,55,Female,Sales,Engineer,34005.0,6,3,Technical,2,2,2,3,5,6,14,No,0
10469,26,Female,IT,Manager,63254.0,13,2,Medical,1,2,4,2,11,5,9,No,0
10470,27,Male,Research & Dev,Engineer,83255.0,8,4,Marketing,2,2,3,4,0,2,10,Yes,0
10471,34,Male,Research & Dev,Engineer,66315.0,10,4,Medical,2,1,3,2,11,6,5,No,0
10472,22,Male,Research & Dev,Sales Executive,88822.0,9,3,Other,2,4,4,1,11,7,0,No,0
10473,40,Female,Sales,Research Scientist,62762.0,7,3,Marketing,3,2,4,2,16,3,1,Yes,0
10474,46,Female,Operations,Research Scientist,70137.0,25,4,Marketing,2,2,1,3,8,2,14,Yes,0
10475,46,Male,IT,Manager,62304.0,18,4,Life Sciences,3,3,1,1,3,3,3,No,0
10476,29,Female,Sales,Accountant,76871.0,13,1,Marketing,2,4,4,2,13,0,1,No,0
10477,27,Male,Research & Dev,Analyst,107978.0,21,1,Other,3,2,1,4,15,8,2,No,0
10478,42,Male,Research & Dev,Manager,77245.0,24,3,Other,3,3,3,3,3,0,3,No,0
10479,45,Male,Sales,HR Executive,73889.0,5,4,Marketing,3,3,4,2,17,2,11,Yes,0
10480,57,Female,HR,Accountant,57632.0,2,1,Other,1,2,1,3,19,5,8,No,0
10481,55,Female,Finance,Manager,54890.0,2,4,Life Sciences,4,1,3,4,8,1,6,Yes,0
10482,35,Male,Finance,Analyst,99281.0,6,4,Technical,3,4,3,2,0,3,14,No,0
10483,27,Female,HR,Sales Executive,47755.0,10,3,Medical,3,1,3,3,14,0,8,No,0
10484,30,Male,Sales,Research Scientist,51737.0,28,3,Medical,2,3,1,1,3,5,2,No,0
10485,55,Female,Sales,Analyst,68051.0,2,3,Other,2,4,3,1,1,1,0,No,0
10486,38,Female,Research & Dev,Sales Executive,61474.0,2,1,Marketing,1,4,4,2,12,3,4,No,0
10487,59,Female,Finance,HR Executive,109124.0,9,2,Marketing,2,2,4,3,14,1,6,No,0
10488,46,Male,Research & Dev,Research Scientist,22675.0,3,4,Life Sciences,1,1,3,2,2,4,0,No,0
10489,44,Female,Research & Dev,Analyst,77227.0,21,3,Medical,2,1,1,1,2,6,13,No,0
10490,24,Male,Operations,Manager,84254.0,16,3,Medical,4,4,2,2,5,8,1,No,0
10491,44,Female,Sales,Research Scientist,47590.0,20,3,Technical,4,4,2,3,5,6,1,No,0
10492,35,Female,Sales,Analyst,57108.0,9,2,Technical,1,3,4,2,10,9,6,Yes,0
10493,53,Female,Research & Dev,Engineer,78652.0,29,4,Marketing,3,1,3,1,0,2,13,Yes,0
10494,26,Female,IT,Analyst,102590.0,6,1,Marketing,2,2,4,3,15,0,8,No,0
10495,28,Female,Sales,Engineer,51590.0,24,3,Technical,1,4,2,1,14,3,7,No,0
10496,46,Male,Sales,Analyst,38416.0,18,4,Other,4,2,3,2,17,9,7,No,0
10497,47,Male,Research & Dev,HR Executive,89449.0,26,3,Technical,1,4,2,1,16,5,4,No,0
10498,53,Female,HR,Analyst,100475.0,18,3,Technical,1,1,1,4,6,5,0,No,0
10499,41,Male,Sales,Engineer,63299.0,18,4,Life Sciences,1,2,2,1,11,4,6,Yes,0
10500,35,Male,Operations,Sales Executive,25724.0,6,4,Marketing,1,1,1,2,13,7,6,Yes,0
10501,32,Female,Sales,Research Scientist,99037.0,7,2,Life Sciences,2,2,4,2,13,2,1,Yes,0
10502,35,Female,Finance,Research Scientist,66029.0,16,1,Other,2,1,4,2,0,9,6,No,0
10503,46,Male,Sales,Engineer,92478.0,10,4,Marketing,1,4,2,1,15,8,11,No,0
10504,42,Male,Operations,Accountant,69130.0,14,3,Marketing,4,2,4,2,17,1,14,No,0
10505,32,Female,Sales,Sales Executive,62487.0,12,4,Life Sciences,4,2,2,2,6,2,11,Yes,0
10506,29,Male,Finance,Sales Executive,60962.0,25,2,Technical,1,3,2,4,13,3,4,Yes,0
10507,48,Female,Operations,Engineer,99469.0,28,3,Marketing,1,2,1,3,3,7,3,Yes,0
10508,30,Male,Sales,HR Executive,98689.0,2,3,Marketing,4,2,2,3,18,8,9,Yes,0
10509,29,Male,Sales,Accountant,27243.0,21,2,Medical,3,2,2,4,3,6,1,Yes,0
10510,33,Female,Research & Dev,Analyst,51275.0,7,3,Medical,1,1,2,4,4,5,7,No,0
10511,54,Female,Research & Dev,HR Executive,105542.0,8,2,Other,1,2,4,4,6,3,5,No,0
10512,38,Male,Research & Dev,Engineer,62654.0,17,4,Technical,3,1,2,1,9,8,11,No,0
10513,44,Male,Finance,Sales Executive,42791.0,10,1,Other,1,1,3,2,9,0,7,No,0
10514,24,Female,Research & Dev,Manager,70089.0,1,4,Life Sciences,4,1,4,4,14,8,9,No,0
10515,34,Male,Research & Dev,Engineer,67833.0,10,3,Medical,4,3,2,1,14,0,1,Yes,0
10516,50,Female,Research & Dev,Manager,68053.0,25,1,Other,3,1,3,1,0,9,14,Yes,1
10517,51,Male,Research & Dev,Engineer,60409.0,23,1,Life Sciences,4,2,4,3,7,2,12,Yes,0
10518,43,Female,Research & Dev,Analyst,63798.0,29,4,Other,3,2,3,4,16,6,9,No,0
10519,55,Female,Sales,Engineer,60882.0,19,3,Technical,4,2,3,1,5,0,8,No,0
10520,32,Male,Research & Dev,Accountant,76678.0,10,1,Other,2,3,3,1,14,0,5,No,0
10521,27,Female,Sales,Accountant,53745.0,21,4,Marketing,2,2,1,1,6,8,8,Yes,0
10522,24,Female,Sales,Manager,64207.0,23,1,Marketing,2,1,1,4,15,9,6,No,0
10523,28,Female,Finance,Analyst,67119.0,11,2,Medical,1,4,2,1,12,2,9,No,0
10524,50,Female,Sales,Sales Executive,96115.0,8,2,Marketing,4,4,1,3,3,1,12,No,0
10525,56,Male,Sales,HR Executive,77468.0,8,3,Other,1,2,3,3,8,2,5,No,0
10526,26,Female,Research & Dev,Sales Executive,67806.0,28,2,Marketing,2,4,1,3,15,1,5,No,0
10527,40,Male,Research & Dev,Analyst,80724.0,28,4,Life Sciences,2,2,3,3,3,0,13,Yes,0
10528,26,Male,Sales,Accountant,78122.0,7,4,Marketing,3,3,2,2,11,3,13,Yes,0
10529,53,Female,Research & Dev,Accountant,91757.0,8,2,Life Sciences,3,4,4,1,19,2,10,Yes,0
10530,26,Male,Research & Dev,Manager,80130.0,1,3,Medical,3,1,3,2,2,2,6,No,0
10531,45,Female,HR,Accountant,105878.0,22,1,Life Sciences,1,1,4,3,8,3,0,No,0
10532,24,Male,IT,Sales Executive,96892.0,2,2,Technical,4,1,4,1,2,1,14,No,0
10533,49,Male,Operations,HR Executive,69180.0,4,1,Medical,4,4,1,2,13,2,5,No,0
10534,56,Male,Research & Dev,Engineer,61710.0,14,4,Other,1,3,4,1,17,6,2,No,0
10535,49,Female,Research & Dev,HR Executive,87651.0,7,1,Technical,3,2,3,1,12,7,1,No,0
10536,31,Female,Research & Dev,HR Executive,80333.0,2,4,Marketing,1,4,3,3,7,9,11,No,0
10537,53,Male,Sales,Analyst,68109.0,2,3,Medical,3,3,2,4,1,3,0,Yes,0
10538,32,Male,IT,Engineer,40461.0,29,3,Other,4,4,2,2,5,2,6,No,0
10539,50,Female,Sales,HR Executive,33353.0,1,2,Technical,4,4,1,2,17,3,4,Yes,0
10540,53,Male,Sales,Research Scientist,76965.0,19,3,Medical,3,3,2,1,7,3,3,Yes,0
10541,39,Female,HR,Engineer,85417.0,13,2,Medical,2,1,2,2,0,1,7,Yes,0
10542,45,Male,Research & Dev,Manager,86069.0,17,4,Other,3,4,3,1,13,6,8,Yes,0
10543,54,Female,Sales,Manager,44257.0,29,4,Technical,3,1,2,4,4,2,5,No,0
10544,28,Male,IT,Research Scientist,90747.0,19,2,Other,3,1,2,1,2,2,0,Yes,0
10545,21,Female,Research & Dev,Analyst,59317.0,13,4,Marketing,4,1,1,1,0,6,1,Yes,0
10546,37,Male,Research & Dev,Sales Executive,77768.0,13,4,Technical,4,3,4,1,3,4,2,No,0
10547,28,Male,Sales,Engineer,78334.0,1,1,Technical,3,3,2,3,18,2,11,No,0
10548,55,Female,Operations,Accountant,53950.0,26,1,Other,4,2,3,2,12,9,12,Yes,0
10549,54,Female,Sales,Analyst,58173.0,22,1,Medical,1,3,2,3,19,0,8,Yes,0
10550,35,Male,Research & Dev,Analyst,28539.0,21,1,Technical,3,1,1,4,17,1,7,Yes,0
10551,33,Female,Operations,Analyst,51665.0,10,1,Marketing,1,1,1,1,19,3,13,Yes,0
10552,48,Male,IT,Sales Executive,33949.0,13,4,Technical,1,3,4,3,13,5,5,Yes,0
10553,38,Female,Operations,Analyst,78747.0,21,4,Life Sciences,1,4,3,2,0,6,9,No,0
10554,24,Female,Operations,Accountant,71228.0,9,1,Marketing,4,3,1,3,18,2,2,No,0
10555,46,Female,Sales,Accountant,88281.0,25,4,Other,3,3,1,3,8,7,4,No,0
10556,49,Male,Sales,Accountant,77131.0,5,2,Life Sciences,1,4,2,1,5,7,2,No,0
10557,23,Female,Research & Dev,Research Scientist,57305.0,7,2,Life Sciences,3,2,3,1,15,0,7,Yes,0
10558,51,Male,Sales,HR Executive,76924.0,10,3,Life Sciences,4,1,4,3,7,2,3,No,0
10559,41,Male,IT,Analyst,62191.0,16,3,Other,4,2,3,1,7,8,13,No,0
10560,53,Female,Sales,Research Scientist,82181.0,11,1,Other,1,2,3,4,7,8,6,Yes,0
10561,54,Female,Research & Dev,HR Executive,76307.0,12,4,Marketing,2,3,2,2,5,9,1,No,0
10562,47,Female,Sales,Research Scientist,50229.0,3,2,Life Sciences,4,1,4,4,7,4,0,No,0
10563,34,Male,Sales,Analyst,70044.0,2,2,Other,1,3,4,1,7,2,14,No,0
10564,35,Female,Research & Dev,Analyst,71107.0,27,2,Technical,3,1,4,3,5,9,3,No,0
10565,49,Female,Sales,Analyst,63846.0,15,4,Marketing,3,2,4,3,15,6,9,No,0
10566,23,Male,Operations,Engineer,87898.0,8,1,Life Sciences,1,2,2,3,15,3,6,Yes,0
10567,30,Female,Finance,Sales Executive,104261.0,6,1,Marketing,1,4,1,2,11,5,4,No,0
10568,41,Male,Research & Dev,Accountant,62645.0,16,3,Technical,4,2,4,4,5,4,13,No,0
10569,57,Male,Operations,Research Scientist,62986.0,16,4,Medical,4,2,2,1,9,2,8,No,0
10570,50,Male,Finance,Accountant,25039.0,2,2,Other,3,4,2,1,8,1,12,No,0
10571,52,Female,Research & Dev,Accountant,67422.0,15,1,Technical,4,1,4,2,9,9,2,Yes,0
10572,28,Male,Operations,Accountant,61276.0,17,1,Technical,1,2,1,4,9,2,14,No,0
10573,31,Female,IT,Manager,26776.0,20,2,Marketing,1,2,1,3,4,9,1,No,0
10574,31,Male,HR,Manager,75770.0,19,4,Life Sciences,4,2,1,3,19,4,3,No,0
10575,50,Male,Research & Dev,HR Executive,81820.0,8,4,Life Sciences,1,1,1,1,13,4,7,No,0
10576,41,Male,Operations,Engineer,55318.0,3,2,Technical,3,1,1,3,6,8,1,Yes,0
10577,29,Female,IT,Accountant,62548.0,1,2,Life Sciences,3,1,3,3,7,6,0,No,0
10578,50,Female,Research & Dev,Sales Executive,50670.0,29,1,Marketing,2,1,3,2,13,5,12,Yes,0
10579,45,Male,Sales,Engineer,85251.0,3,4,Life Sciences,2,3,3,1,13,0,3,No,0
10580,55,Male,Operations,Analyst,39651.0,5,4,Other,4,1,3,1,6,8,10,Yes,0
10581,42,Male,HR,Accountant,63735.0,1,1,Other,4,2,3,1,6,3,10,Yes,0
10582,25,Male,Sales,Sales Executive,109021.0,8,2,Life Sciences,1,3,4,1,16,8,3,No,0
10583,55,Female,Research & Dev,Analyst,71032.0,15,1,Marketing,3,2,3,1,2,8,13,Yes,0
10584,28,Female,Research & Dev,Sales Executive,79359.0,22,1,Medical,1,2,2,3,7,0,6,No,0
10585,23,Male,Operations,HR Executive,67067.0,17,4,Life Sciences,1,2,1,3,14,6,2,No,0
10586,52,Male,Research & Dev,Sales Executive,46511.0,10,2,Other,4,2,4,2,0,3,13,No,0
10587,38,Female,Sales,Accountant,69347.0,18,4,Technical,3,1,2,2,18,5,11,No,0
10588,46,Male,Sales,Manager,78129.0,26,2,Other,1,3,2,4,10,8,12,No,0
10589,26,Male,Research & Dev,Analyst,49547.0,2,1,Medical,2,2,2,3,6,8,2,No,0
10590,49,Male,IT,Manager,76832.0,7,1,Other,4,1,2,1,6,7,14,No,0
10591,36,Female,Sales,Manager,94898.0,13,2,Life Sciences,4,2,1,2,6,1,14,No,0
10592,59,Female,Research & Dev,Engineer,91394.0,10,2,Marketing,1,4,3,4,5,5,7,No,0
10593,45,Female,IT,Manager,38345.0,23,2,Life Sciences,1,3,2,3,14,4,14,Yes,0
10594,57,Female,Sales,Sales Executive,50494.0,21,1,Technical,4,1,2,2,5,4,2,Yes,0
10595,51,Male,Research & Dev,Research Scientist,37726.0,27,1,Technical,4,3,1,1,10,5,5,Yes,0
10596,53,Female,Operations,Sales Executive,91423.0,25,1,Other,2,2,4,2,0,4,8,No,0
10597,24,Female,Sales,Accountant,82207.0,4,3,Technical,4,4,3,1,1,7,10,No,0
10598,51,Female,IT,Engineer,84063.0,26,3,Technical,3,4,2,2,14,0,1,No,0
10599,44,Male,Operations,Accountant,52433.0,23,1,Medical,4,1,1,1,7,9,0,No,0
10600,36,Male,Sales,Engineer,46667.0,9,1,Life Sciences,3,1,1,2,10,1,1,Yes,0
10601,33,Female,Research & Dev,Engineer,71538.0,11,3,Other,3,4,2,3,6,4,1,No,0
10602,46,Male,Research & Dev,Engineer,72020.0,16,1,Life Sciences,2,1,4,2,12,3,1,Yes,0
10603,28,Male,Finance,Accountant,52915.0,11,2,Life Sciences,4,3,4,1,17,3,11,No,0
10604,28,Female,Research & Dev,HR Executive,72844.0,12,1,Life Sciences,3,2,4,1,11,1,3,No,0
10605,55,Female,Research & Dev,Analyst,82891.0,23,4,Other,1,1,2,4,9,5,5,No,0
10606,50,Female,Sales,Engineer,74560.0,20,2,Life Sciences,3,3,1,1,7,2,2,No,0
10607,44,Female,Research & Dev,Manager,49212.0,22,2,Medical,2,4,1,3,14,5,14,No,0
10608,50,Female,Sales,Analyst,27747.0,7,1,Life Sciences,1,2,2,4,9,8,3,Yes,0
10609,33,Female,Operations,Sales Executive,64822.0,1,2,Other,1,1,1,4,1,0,10,Yes,0
10610,49,Female,Operations,HR Executive,73287.0,25,3,Medical,4,1,3,2,9,7,10,No,0
10611,29,Female,Research & Dev,Sales Executive,64798.0,18,3,Technical,1,1,1,3,18,8,6,No,0
10612,38,Female,Finance,Sales Executive,61433.0,21,4,Technical,4,3,1,3,18,7,10,Yes,0
10613,26,Male,Research & Dev,Research Scientist,56171.0,8,1,Technical,4,3,3,1,9,7,8,No,0
10614,35,Male,Research & Dev,Research Scientist,84313.0,6,4,Other,1,3,2,3,6,5,0,No,0
10615,34,Male,Research & Dev,HR Executive,68953.0,11,3,Other,3,3,4,3,19,3,9,No,0
10616,37,Female,IT,HR Executive,72464.0,10,2,Marketing,1,2,4,2,3,9,12,Yes,0
10617,39,Male,Research & Dev,Research Scientist,50570.0,2,4,Medical,3,4,2,1,9,6,8,Yes,0
10618,22,Male,Research & Dev,Research Scientist,57592.0,10,4,Life Sciences,2,3,4,4,1,2,12,No,0
10619,34,Male,IT,Manager,73276.0,18,3,Life Sciences,4,2,3,1,10,6,12,No,0
10620,53,Male,Research & Dev,Analyst,49892.0,27,4,Other,4,4,1,2,6,6,14,Yes,0
10621,37,Male,Operations,Engineer,44814.0,28,3,Medical,3,1,3,3,13,8,10,No,0
10622,42,Female,Sales,Research Scientist,63417.0,14,3,Other,3,3,2,1,11,4,3,Yes,0
10623,25,Female,Finance,Engineer,94019.0,27,1,Technical,1,1,1,1,5,2,13,No,0
10624,36,Female,Operations,Analyst,73819.0,18,4,Other,2,2,2,1,11,9,10,No,0
10625,58,Female,Operations,Sales Executive,99192.0,23,1,Technical,3,3,1,3,10,9,6,Yes,0
10626,42,Female,IT,HR Executive,67370.0,27,2,Life Sciences,4,3,3,2,14,3,8,No,0
10627,21,Male,Finance,Manager,63799.0,26,1,Technical,2,4,2,1,10,1,9,No,0
10628,49,Male,IT,Engineer,42155.0,12,3,Marketing,1,3,1,1,13,2,10,No,0
10629,51,Female,Sales,Research Scientist,58476.0,10,3,Medical,2,1,2,2,8,2,5,Yes,0
10630,35,Male,Research & Dev,Analyst,98704.0,28,3,Technical,3,1,4,3,1,7,13,Yes,0
10631,22,Female,Sales,Engineer,76551.0,27,2,Life Sciences,2,4,3,2,15,6,0,Yes,0
10632,53,Male,Sales,Research Scientist,84662.0,9,3,Marketing,4,4,1,3,7,8,1,Yes,0
10633,30,Male,Research & Dev,Sales Executive,84102.0,13,2,Other,1,4,1,2,1,0,14,No,0
10634,56,Female,Finance,HR Executive,69809.0,1,3,Life Sciences,1,1,3,1,7,7,12,No,0
10635,35,Male,Finance,Sales Executive,65904.0,22,4,Marketing,3,1,3,3,15,3,3,No,0
10636,36,Female,Sales,Engineer,72384.0,3,1,Other,3,3,3,4,2,7,12,No,0
10637,51,Female,IT,Engineer,83426.0,23,3,Technical,3,4,2,1,4,6,6,No,0
10638,26,Male,Sales,Analyst,79157.0,21,4,Marketing,3,2,4,3,11,1,9,Yes,0
10639,22,Female,Research & Dev,Research Scientist,79839.0,13,2,Life Sciences,3,3,2,1,1,7,6,No,0
10640,50,Female,Operations,Accountant,73083.0,12,1,Life Sciences,4,4,3,3,15,6,6,Yes,0
10641,57,Female,Operations,Manager,54601.0,28,1,Life Sciences,2,4,3,1,10,8,8,No,0
10642,59,Male,Finance,Engineer,64768.0,25,2,Medical,2,3,4,4,0,5,8,No,0
10643,26,Female,Research & Dev,HR Executive,51171.0,25,2,Marketing,2,4,2,1,7,9,4,No,0
10644,26,Male,Research & Dev,Accountant,90093.0,16,3,Technical,2,4,3,3,10,9,2,No,0
10645,34,Male,Operations,HR Executive,27959.0,23,2,Technical,2,3,4,1,2,8,2,No,0
10646,48,Female,Research & Dev,Engineer,65643.0,20,4,Medical,4,2,1,1,2,3,11,Yes,0
10647,56,Male,Operations,Accountant,117744.0,27,1,Medical,1,1,2,1,7,8,3,No,0
10648,53,Male,Finance,Accountant,63169.0,11,1,Technical,1,1,2,4,15,2,8,No,0
10649,35,Female,Research & Dev,Sales Executive,47304.0,15,1,Technical,4,1,1,3,9,9,13,Yes,0
10650,56,Male,Operations,Analyst,69641.0,18,3,Medical,4,4,3,4,11,3,8,Yes,0
10651,30,Female,Research & Dev,Manager,95788.0,4,1,Medical,1,4,1,1,8,3,3,No,0
10652,25,Male,Finance,Engineer,66791.0,21,2,Marketing,2,4,3,1,1,5,10,No,0
10653,37,Male,HR,Sales Executive,82267.0,2,3,Medical,3,2,4,2,5,1,3,Yes,0
10654,24,Female,Research & Dev,HR Executive,71999.0,11,1,Medical,2,3,4,3,10,9,1,Yes,0
10655,47,Female,Research & Dev,Accountant,62543.0,14,4,Marketing,1,2,3,1,15,4,12,No,0
10656,59,Female,HR,Sales Executive,133006.0,15,2,Life Sciences,4,4,3,1,4,6,0,No,0
10657,25,Female,Research & Dev,HR Executive,71423.0,20,1,Life Sciences,1,1,4,3,0,8,9,Yes,0
10658,25,Female,Sales,Analyst,59257.0,25,3,Other,2,3,2,4,4,7,1,No,0
10659,27,Female,IT,Accountant,60200.0,3,2,Marketing,3,2,1,2,18,1,12,Yes,0
10660,27,Female,IT,Engineer,77611.0,27,1,Medical,1,4,3,1,13,4,1,No,0
10661,41,Female,Sales,Accountant,78184.0,13,3,Marketing,3,2,3,1,7,6,7,No,0
10662,43,Male,IT,Sales Executive,85440.0,11,4,Technical,1,1,3,4,8,3,12,Yes,0
10663,58,Female,Research & Dev,Engineer,72823.0,20,1,Marketing,4,2,3,4,7,7,2,No,0
10664,38,Male,Sales,HR Executive,41368.0,2,1,Other,3,4,1,1,18,9,1,No,0
10665,57,Female,Operations,Sales Executive,80638.0,27,3,Other,4,2,2,4,1,4,2,Yes,0
10666,50,Female,Research & Dev,HR Executive,63821.0,25,1,Medical,3,4,2,3,18,4,5,No,0
10667,54,Male,Finance,HR Executive,64278.0,4,3,Technical,2,1,3,1,6,6,2,No,0
10668,28,Female,Operations,Accountant,40342.0,13,2,Life Sciences,1,4,3,3,17,1,9,Yes,0
10669,38,Male,Research & Dev,Analyst,58530.0,2,2,Marketing,3,2,4,4,11,5,0,Yes,0
10670,56,Male,Sales,Manager,55463.0,29,1,Marketing,2,2,3,4,8,7,3,Yes,0
10671,50,Male,Operations,HR Executive,69271.0,29,1,Other,4,1,2,4,16,2,0,No,0
10672,29,Male,Finance,Analyst,40932.0,23,4,Medical,2,3,2,1,18,2,13,No,0
10673,53,Male,Operations,Manager,71013.0,16,3,Technical,2,3,4,3,10,4,3,No,0
10674,50,Female,Sales,Accountant,72487.0,11,4,Other,4,4,3,2,1,3,13,Yes,0
10675,26,Female,Finance,HR Executive,47605.0,7,1,Marketing,4,3,1,4,19,6,13,No,0
10676,23,Female,Operations,Manager,57507.0,25,4,Life Sciences,2,3,3,1,15,6,5,No,0
10677,31,Female,Research & Dev,Sales Executive,52849.0,7,3,Marketing,3,4,1,2,8,7,0,No,0
10678,39,Male,Research & Dev,HR Executive,88152.0,16,1,Technical,3,2,2,1,7,8,8,No,0
10679,26,Female,Research & Dev,Research Scientist,19435.0,25,3,Marketing,4,4,4,2,0,6,2,No,0
10680,22,Female,Sales,Manager,63134.0,21,4,Life Sciences,4,2,1,1,17,0,11,No,0
10681,25,Male,Sales,Sales Executive,36789.0,11,2,Technical,2,2,2,2,7,8,14,Yes,0
10682,33,Female,Research & Dev,Manager,61367.0,26,2,Medical,1,4,4,1,0,6,14,Yes,0
10683,36,Female,Sales,Accountant,86935.0,3,4,Technical,1,3,4,2,1,6,5,No,0
10684,33,Male,Finance,Research Scientist,57388.0,17,2,Life Sciences,4,3,4,4,11,1,10,No,0
10685,38,Female,Research & Dev,Sales Executive,72768.0,22,4,Technical,4,4,3,3,16,0,13,No,0
10686,49,Female,Research & Dev,Research Scientist,53105.0,28,3,Other,2,1,3,3,1,6,6,No,0
10687,30,Male,Research & Dev,Research Scientist,108790.0,29,1,Life Sciences,4,4,2,4,17,1,4,No,0
10688,38,Female,Research & Dev,Analyst,88264.0,12,1,Marketing,3,2,1,2,5,6,0,Yes,0
10689,49,Male,Finance,Research Scientist,92544.0,7,1,Technical,3,2,3,2,1,9,1,No,0
10690,23,Male,Research & Dev,Research Scientist,43436.0,11,1,Technical,2,3,3,2,11,5,9,Yes,0
10691,57,Female,Research & Dev,Research Scientist,47978.0,10,2,Marketing,1,2,4,2,3,8,3,No,0
10692,59,Male,Research & Dev,HR Executive,91595.0,19,4,Life Sciences,3,1,3,1,2,4,9,No,0
10693,32,Male,Research & Dev,Research Scientist,66113.0,21,3,Medical,1,3,1,2,1,1,2,Yes,0
10694,55,Male,Operations,Accountant,64842.0,12,2,Medical,3,2,4,1,13,5,10,Yes,0
10695,30,Female,Sales,HR Executive,76676.0,3,3,Medical,2,2,3,3,9,6,3,No,0
10696,56,Female,Research & Dev,Sales Executive,44896.0,21,4,Other,3,3,1,3,10,9,5,No,0
10697,46,Female,Finance,Manager,85457.0,15,1,Life Sciences,1,2,1,1,5,5,1,No,0
10698,30,Female,Sales,Sales Executive,70366.0,16,2,Technical,4,1,4,3,4,3,12,No,0
10699,23,Female,IT,Research Scientist,79585.0,25,4,Marketing,3,4,3,2,6,1,3,Yes,0
10700,36,Female,Research & Dev,Sales Executive,56588.0,22,1,Technical,2,2,2,3,10,4,8,Yes,0
10701,50,Female,Sales,Manager,80265.0,17,3,Medical,3,3,2,1,6,4,14,No,0
10702,29,Female,Finance,Accountant,55902.0,24,2,Marketing,1,4,4,4,8,1,5,No,0
10703,41,Male,Operations,Accountant,89088.0,28,2,Marketing,4,1,3,1,2,1,0,Yes,0
10704,25,Male,HR,Sales Executive,92593.0,17,1,Medical,4,1,3,4,0,3,3,No,0
10705,37,Male,Operations,Manager,88238.0,9,3,Life Sciences,4,3,1,4,16,6,9,Yes,1
10706,22,Female,Sales,Engineer,80329.0,27,1,Other,3,1,1,4,14,0,0,No,0
10707,59,Male,Research & Dev,HR Executive,82676.0,10,3,Other,4,3,4,1,18,6,4,No,0
10708,40,Male,Finance,Manager,15881.0,23,1,Medical,3,4,3,2,14,9,10,No,0
10709,53,Male,Operations,Analyst,86698.0,25,2,Marketing,4,4,4,4,16,5,14,No,0
10710,25,Female,HR,Research Scientist,64519.0,25,2,Life Sciences,3,3,3,4,18,3,4,No,0
10711,27,Female,HR,Analyst,71899.0,24,4,Life Sciences,2,4,3,1,11,2,9,No,0
10712,27,Male,Research & Dev,Research Scientist,64326.0,1,2,Technical,1,2,1,1,18,9,12,No,0
10713,43,Male,Research & Dev,Research Scientist,42177.0,23,1,Marketing,1,3,2,2,17,0,4,No,0
10714,54,Male,Research & Dev,Engineer,59227.0,1,2,Life Sciences,2,4,1,4,7,1,4,Yes,0
10715,44,Male,Operations,Research Scientist,83171.0,21,4,Other,3,2,1,1,13,3,11,Yes,0
10716,39,Female,Operations,Sales Executive,98347.0,19,4,Technical,1,1,2,1,12,6,4,No,0
10717,57,Male,Finance,Analyst,57542.0,25,1,Life Sciences,1,4,1,3,13,8,14,Yes,0
10718,28,Female,IT,Accountant,51921.0,10,4,Technical,3,1,3,4,12,6,11,No,0
10719,27,Male,Sales,Manager,99035.0,5,4,Technical,3,1,2,2,17,3,13,No,0
10720,47,Male,Finance,Analyst,52349.0,26,3,Medical,4,4,2,1,1,6,5,No,0
10721,54,Male,Research & Dev,Research Scientist,111473.0,2,4,Technical,3,3,3,3,0,1,10,No,0
10722,31,Male,Finance,Research Scientist,71013.0,12,1,Marketing,3,3,1,4,14,7,14,No,0
10723,31,Male,Research & Dev,Research Scientist,52332.0,23,1,Marketing,2,3,2,1,3,6,4,No,0
10724,41,Female,Research & Dev,Research Scientist,89687.0,22,3,Marketing,4,2,1,3,5,0,8,Yes,0
10725,51,Male,Operations,Engineer,103867.0,2,3,Marketing,3,4,1,1,10,5,1,No,0
10726,32,Male,Sales,Engineer,41305.0,8,3,Life Sciences,2,3,3,4,8,7,14,No,0
10727,53,Female,Research & Dev,Manager,101179.0,20,1,Medical,1,2,2,3,13,3,2,No,0
10728,41,Male,Research & Dev,Engineer,64372.0,19,3,Life Sciences,1,1,3,3,12,0,1,No,0
10729,48,Female,Operations,Manager,99727.0,27,3,Medical,4,2,4,1,17,8,11,No,0
10730,45,Male,Sales,Manager,62391.0,27,1,Medical,2,2,3,4,10,3,0,Yes,0
10731,39,Female,Operations,Research Scientist,38456.0,4,2,Other,4,4,1,3,5,0,12,No,0
10732,41,Female,Sales,Manager,80039.0,26,1,Life Sciences,1,3,2,3,5,8,0,No,0
10733,59,Female,Research & Dev,Manager,88532.0,18,3,Marketing,1,4,3,2,5,8,9,No,0
10734,36,Male,Research & Dev,Analyst,111919.0,11,2,Life Sciences,2,4,2,3,17,5,13,Yes,0
10735,57,Female,HR,HR Executive,104472.0,8,4,Other,1,3,3,4,3,6,14,No,0
10736,51,Female,Operations,Accountant,83905.0,14,2,Medical,1,2,4,4,1,9,7,No,0
10737,28,Female,Operations,Research Scientist,65246.0,14,3,Marketing,1,1,3,1,11,9,10,No,0
10738,55,Male,Sales,Analyst,59587.0,16,4,Technical,1,1,1,1,12,8,11,Yes,0
10739,35,Female,Finance,Sales Executive,64103.0,14,1,Technical,1,2,3,3,15,1,12,No,0
10740,27,Female,HR,HR Executive,53381.0,10,2,Marketing,3,1,1,4,3,4,7,No,0
10741,30,Female,Research & Dev,Manager,64509.0,18,2,Other,4,2,1,3,19,5,11,Yes,0
10742,26,Male,Finance,Engineer,19109.0,15,3,Life Sciences,3,2,2,3,18,2,14,Yes,0
10743,34,Female,Operations,Accountant,73577.0,10,1,Marketing,3,1,3,3,15,6,0,No,0
10744,25,Female,Research & Dev,Analyst,69421.0,28,4,Technical,4,3,2,3,18,2,12,No,0
10745,42,Male,Operations,Accountant,121317.0,5,1,Marketing,4,4,1,4,6,3,9,No,0
10746,59,Female,Sales,Analyst,85175.0,26,3,Technical,4,3,1,3,14,0,7,No,0
10747,58,Female,Sales,Accountant,60396.0,15,3,Other,4,3,2,3,6,1,7,Yes,0
10748,57,Male,Finance,Engineer,81295.0,10,1,Technical,1,3,4,2,17,7,2,No,0
10749,30,Female,Research & Dev,Engineer,45485.0,25,2,Other,2,2,2,4,2,4,14,No,0
10750,29,Male,Research & Dev,Analyst,57946.0,20,2,Technical,4,4,1,3,15,8,5,Yes,0
10751,47,Female,Research & Dev,Accountant,32648.0,4,3,Medical,4,3,3,1,9,2,2,No,0
10752,58,Female,Sales,HR Executive,98725.0,28,4,Medical,4,3,1,4,13,0,5,No,0
10753,53,Female,Finance,Engineer,81867.0,13,3,Medical,4,4,1,3,16,2,6,Yes,0
10754,29,Male,Finance,Research Scientist,46488.0,11,1,Other,3,3,3,2,14,4,5,Yes,0
10755,49,Female,Sales,HR Executive,68790.0,12,2,Other,4,2,1,4,6,6,7,No,0
10756,40,Female,Sales,Manager,88995.0,25,1,Marketing,4,3,1,4,18,8,10,No,0
10757,38,Female,Operations,Sales Executive,79902.0,8,2,Other,3,3,2,4,13,7,8,No,0
10758,40,Male,Operations,Accountant,77646.0,24,3,Life Sciences,3,3,2,1,4,6,12,Yes,0
10759,42,Female,Operations,Engineer,52843.0,24,4,Marketing,1,3,3,2,6,1,6,No,0
10760,56,Female,Research & Dev,Manager,57255.0,26,4,Technical,1,3,2,3,14,4,12,No,0
10761,51,Female,Research & Dev,Analyst,71903.0,24,4,Life Sciences,1,1,3,4,13,7,6,No,0
10762,22,Male,Research & Dev,HR Executive,88405.0,3,4,Technical,1,4,2,3,3,9,2,No,0
10763,50,Female,Sales,Research Scientist,53423.0,3,3,Medical,2,4,1,3,8,1,10,Yes,0
10764,33,Female,Research & Dev,Accountant,47572.0,27,3,Marketing,2,1,3,2,9,4,2,No,0
10765,34,Male,Sales,Sales Executive,92881.0,14,4,Medical,2,1,1,4,6,0,0,Yes,0
10766,44,Female,Sales,Engineer,51394.0,29,3,Marketing,3,3,1,1,6,3,10,Yes,0
10767,59,Female,Research & Dev,HR Executive,91543.0,5,2,Medical,1,1,2,2,0,7,4,No,0
10768,23,Male,Sales,Sales Executive,74861.0,7,2,Technical,3,1,3,4,12,4,10,No,0
10769,41,Male,Research & Dev,Research Scientist,87621.0,13,4,Other,4,4,3,1,16,9,6,No,0
10770,30,Female,Finance,HR Executive,104888.0,19,1,Technical,3,1,1,4,12,3,11,No,0
10771,56,Female,HR,Engineer,83773.0,6,2,Medical,1,1,4,4,1,6,5,No,0
10772,39,Female,IT,Engineer,85521.0,3,3,Marketing,1,4,3,2,18,3,13,No,0
10773,54,Male,Operations,Engineer,51643.0,17,3,Life Sciences,3,4,3,1,13,9,10,No,0
10774,55,Male,HR,Manager,56096.0,18,1,Life Sciences,1,2,4,1,16,4,5,Yes,0
10775,24,Female,Operations,Sales Executive,82879.0,12,3,Marketing,1,4,3,3,8,6,2,Yes,0
10776,50,Male,Research & Dev,Accountant,100685.0,21,4,Medical,3,3,4,4,1,0,1,Yes,0
10777,51,Female,Finance,Sales Executive,97842.0,5,2,Other,1,2,1,3,3,0,12,Yes,0
10778,53,Male,Research & Dev,Analyst,116333.0,22,1,Other,3,1,4,4,3,6,5,No,0
10779,59,Female,Research & Dev,Accountant,76218.0,2,3,Life Sciences,3,3,4,1,1,9,8,No,0
10780,50,Male,IT,Sales Executive,74056.0,25,1,Marketing,2,3,3,4,0,5,4,Yes,0
10781,53,Male,Research & Dev,HR Executive,90124.0,29,2,Marketing,2,2,3,3,5,4,11,Yes,0
10782,48,Female,Research & Dev,Sales Executive,70378.0,9,4,Technical,1,1,1,4,14,7,1,Yes,0
10783,32,Male,Finance,Sales Executive,68751.0,13,2,Technical,1,3,2,1,9,8,13,Yes,0
10784,54,Male,Research & Dev,Research Scientist,49053.0,4,1,Life Sciences,2,3,2,2,6,2,10,Yes,0
10785,48,Female,Operations,Manager,89824.0,24,4,Marketing,1,3,2,3,1,2,0,No,0
10786,47,Female,Sales,Engineer,48560.0,24,3,Marketing,4,4,4,3,19,0,7,No,0
10787,58,Male,Sales,Manager,80245.0,9,3,Life Sciences,4,1,4,2,19,5,13,No,0
10788,49,Female,Sales,HR Executive,41617.0,1,1,Technical,3,3,1,2,4,7,9,Yes,0
10789,34,Male,Sales,Sales Executive,91927.0,14,3,Medical,2,2,3,4,3,6,9,No,0
10790,32,Female,IT,Sales Executive,49424.0,7,4,Technical,1,3,3,2,19,3,13,Yes,0
10791,33,Male,Sales,Research Scientist,86870.0,23,4,Marketing,4,3,1,3,18,7,8,Yes,0
10792,27,Female,Research & Dev,Sales Executive,38213.0,7,1,Other,4,3,2,2,15,5,8,Yes,0
10793,24,Female,Research & Dev,Research Scientist,61204.0,29,1,Life Sciences,4,2,4,1,14,2,2,No,0
10794,50,Female,Finance,Engineer,93567.0,23,3,Marketing,1,2,4,3,15,2,13,No,0
10795,51,Female,Finance,Engineer,53893.0,19,4,Technical,3,3,3,1,14,2,7,Yes,0
10796,27,Male,Research & Dev,Manager,71344.0,13,4,Medical,1,4,2,4,12,3,12,No,0
10797,36,Male,Sales,Manager,60431.0,1,1,Marketing,1,4,1,3,16,3,3,Yes,0
10798,56,Female,Operations,Analyst,23811.0,25,2,Life Sciences,2,2,2,2,17,2,7,No,0
10799,53,Male,Sales,Analyst,76161.0,16,3,Marketing,4,2,3,3,10,5,14,No,0
10800,44,Male,Sales,HR Executive,78645.0,20,1,Medical,4,2,2,2,4,4,9,Yes,0
10801,58,Female,Sales,Research Scientist,47845.0,3,2,Technical,2,4,2,4,11,6,0,Yes,0
10802,33,Female,Research & Dev,Accountant,81474.0,25,1,Marketing,3,3,3,3,17,6,7,No,0
10803,53,Male,IT,Manager,54086.0,3,2,Marketing,4,2,3,1,3,1,0,No,0
10804,57,Female,Finance,Accountant,49932.0,23,1,Other,3,4,4,3,17,2,5,No,0
10805,44,Male,Research & Dev,Manager,70137.0,9,3,Other,2,4,1,4,8,2,6,No,0
10806,27,Female,Research & Dev,HR Executive,56372.0,26,4,Marketing,4,3,3,2,12,3,10,Yes,0
10807,32,Male,Finance,Analyst,115849.0,10,1,Marketing,2,4,3,4,0,8,9,Yes,0
10808,41,Female,HR,Sales Executive,38902.0,9,3,Technical,2,3,3,3,13,4,9,No,0
10809,31,Female,Research & Dev,Sales Executive,84769.0,19,3,Marketing,3,1,1,2,15,4,13,Yes,0
10810,24,Male,Sales,Research Scientist,89778.0,11,4,Technical,1,1,3,3,4,6,5,No,0
10811,27,Male,Sales,Engineer,30415.0,11,1,Life Sciences,1,4,1,4,3,3,13,No,0
10812,58,Female,Finance,Engineer,35350.0,19,3,Life Sciences,2,4,1,3,9,3,9,Yes,0
10813,35,Female,HR,Research Scientist,81248.0,9,4,Life Sciences,1,2,2,1,1,7,6,No,0
10814,43,Male,Finance,Accountant,60370.0,17,3,Medical,3,2,3,1,11,0,8,No,0
10815,38,Female,Sales,Manager,77671.0,19,3,Life Sciences,4,3,2,1,17,0,1,No,0
10816,52,Male,Operations,Sales Executive,92789.0,23,1,Marketing,1,3,3,3,6,5,1,Yes,0
10817,24,Male,Research & Dev,Analyst,62557.0,20,4,Other,1,3,2,4,14,2,14,No,0
10818,31,Male,IT,Analyst,48721.0,24,1,Life Sciences,1,3,3,2,0,4,11,No,0
10819,43,Male,Research & Dev,Sales Executive,15411.0,10,4,Marketing,1,3,3,2,5,1,6,Yes,0
10820,52,Female,Research & Dev,Manager,74092.0,9,4,Life Sciences,3,4,2,4,18,9,7,Yes,0
10821,38,Female,Operations,Engineer,51428.0,28,3,Technical,3,1,1,1,11,5,11,No,0
10822,48,Female,HR,Manager,76268.0,4,4,Technical,4,1,2,3,16,5,13,No,0
10823,52,Female,HR,Manager,74632.0,21,2,Other,1,4,4,4,7,4,5,No,0
10824,46,Male,Sales,Research Scientist,42311.0,22,2,Technical,4,1,2,4,7,0,13,No,0
10825,52,Female,HR,Manager,104478.0,29,3,Technical,4,1,4,4,13,1,1,No,0
10826,58,Male,Research & Dev,Research Scientist,91665.0,20,4,Life Sciences,2,2,1,4,10,6,1,No,0
10827,29,Male,Sales,Research Scientist,86965.0,19,3,Life Sciences,3,2,4,3,12,9,14,No,0
10828,37,Male,Sales,Research Scientist,46311.0,9,3,Life Sciences,2,1,1,1,11,0,3,No,0
10829,29,Female,Research & Dev,Sales Executive,61851.0,19,1,Other,1,1,1,4,12,1,6,No,0
10830,37,Male,Sales,Sales Executive,59061.0,2,2,Other,4,3,2,1,19,3,10,No,0
10831,21,Female,Finance,Manager,61705.0,14,1,Marketing,1,3,1,4,16,2,2,No,0
10832,47,Male,Sales,Analyst,47518.0,1,1,Marketing,4,1,3,4,11,0,3,No,0
10833,30,Female,Sales,Sales Executive,78693.0,12,3,Life Sciences,4,1,3,4,7,9,10,Yes,0
10834,53,Female,IT,Analyst,74585.0,8,3,Medical,2,1,4,1,14,6,12,Yes,0
10835,49,Male,Research & Dev,Engineer,77307.0,29,1,Life Sciences,4,1,3,3,11,2,0,Yes,0
10836,34,Male,Research & Dev,Engineer,59881.0,8,4,Technical,4,3,3,4,16,1,10,No,0
10837,38,Male,Sales,Analyst,95820.0,24,4,Medical,1,4,3,4,15,4,3,Yes,0
10838,47,Male,Sales,Engineer,73755.0,7,4,Technical,3,1,3,3,2,9,14,No,0
10839,37,Female,Research & Dev,Analyst,15244.0,8,3,Other,1,1,4,4,14,7,0,No,0
10840,29,Male,Finance,Accountant,57198.0,2,2,Other,1,4,3,2,11,1,5,No,0
10841,22,Female,Sales,HR Executive,68860.0,21,3,Marketing,1,2,1,1,1,4,13,Yes,0
10842,42,Female,Operations,Manager,89307.0,5,1,Life Sciences,2,2,2,3,18,9,10,Yes,0
10843,41,Male,IT,Sales Executive,63986.0,24,3,Technical,3,4,3,4,3,9,10,No,0
10844,50,Male,Research & Dev,Accountant,64998.0,11,2,Technical,1,2,1,1,16,9,9,No,0
10845,26,Female,Research & Dev,Sales Executive,56744.0,2,1,Other,3,4,1,2,7,4,3,No,0
10846,23,Male,Sales,Manager,83311.0,3,1,Marketing,2,3,3,3,18,5,10,No,0
10847,49,Female,Sales,Research Scientist,61048.0,17,1,Technical,4,1,2,1,16,2,8,Yes,0
10848,49,Male,Research & Dev,Engineer,57931.0,6,4,Medical,3,4,3,4,3,4,14,Yes,0
10849,52,Female,Operations,Sales Executive,55157.0,3,2,Life Sciences,3,4,2,1,11,7,6,No,0
10850,21,Female,Sales,HR Executive,81132.0,13,2,Marketing,4,2,3,1,15,3,5,No,0
10851,46,Female,Finance,Engineer,59341.0,13,2,Marketing,1,3,4,1,17,9,1,No,0
10852,58,Male,HR,Manager,36482.0,25,4,Life Sciences,2,1,4,4,5,7,3,Yes,0
10853,50,Male,Sales,Sales Executive,82453.0,27,1,Other,3,1,2,3,9,2,4,No,0
10854,39,Female,Sales,Analyst,55973.0,26,1,Life Sciences,3,2,4,2,17,1,12,Yes,0
10855,39,Male,Finance,Analyst,77140.0,15,3,Medical,1,2,4,4,17,5,10,No,0
10856,36,Male,HR,Engineer,77476.0,12,4,Life Sciences,3,4,4,2,15,3,2,Yes,0
10857,23,Female,Research & Dev,Manager,94072.0,3,3,Marketing,2,2,3,1,8,8,0,No,0
10858,49,Female,Operations,Sales Executive,90891.0,4,2,Technical,3,4,1,4,7,0,8,Yes,0
10859,41,Male,Sales,Research Scientist,58499.0,13,4,Technical,4,3,3,2,14,7,8,No,0
10860,41,Male,Research & Dev,Analyst,66672.0,8,4,Technical,3,1,4,4,11,4,13,No,0
10861,57,Female,Sales,Research Scientist,44192.0,22,4,Life Sciences,3,1,2,1,4,8,9,No,0
10862,49,Female,HR,Sales Executive,103547.0,20,3,Medical,2,1,3,2,9,1,12,No,0
10863,58,Male,Sales,Manager,78833.0,23,2,Technical,3,4,2,1,10,3,4,No,0
10864,24,Female,Sales,Research Scientist,97888.0,12,4,Medical,3,2,3,4,18,9,10,Yes,0
10865,58,Female,Finance,Manager,63620.0,4,3,Technical,1,2,2,4,0,1,14,Yes,0
10866,42,Female,Research & Dev,Engineer,29017.0,17,1,Technical,2,2,3,1,11,4,0,Yes,0
10867,36,Female,HR,Research Scientist,100634.0,26,4,Life Sciences,2,3,2,1,17,9,0,No,0
10868,42,Male,Finance,Accountant,71862.0,22,1,Medical,4,3,2,3,1,2,14,Yes,0
10869,22,Female,HR,Sales Executive,72664.0,20,3,Marketing,2,3,3,3,15,6,1,No,0
10870,57,Male,Sales,Accountant,71109.0,20,2,Medical,1,3,2,3,10,2,6,No,0
10871,45,Male,Finance,Manager,82893.0,25,1,Technical,4,4,3,1,3,6,14,No,0
10872,22,Female,Sales,Research Scientist,80663.0,25,4,Other,4,3,4,4,0,1,4,No,0
10873,56,Male,Sales,Engineer,38189.0,1,3,Life Sciences,4,1,4,2,19,4,12,Yes,0
10874,38,Male,Research & Dev,Research Scientist,91738.0,3,4,Marketing,3,2,3,1,2,0,1,No,0
10875,25,Female,Sales,Engineer,59421.0,15,2,Life Sciences,2,1,4,2,16,2,11,No,0
10876,45,Male,Sales,Analyst,60659.0,9,3,Marketing,1,2,4,2,9,0,2,No,0
10877,23,Male,HR,HR Executive,104549.0,28,4,Technical,2,3,2,1,5,0,9,No,0
10878,42,Female,Finance,Analyst,88411.0,1,3,Technical,3,4,1,2,9,7,0,Yes,0
10879,50,Female,Research & Dev,Research Scientist,63236.0,20,2,Life Sciences,2,4,2,2,4,1,14,No,0
10880,23,Male,Research & Dev,Manager,32872.0,16,1,Life Sciences,2,1,3,1,1,1,8,No,0
10881,51,Female,Sales,Sales Executive,73233.0,5,2,Other,4,2,1,4,17,5,7,No,0
10882,44,Male,Research & Dev,HR Executive,80773.0,18,4,Medical,3,1,3,3,6,8,5,Yes,0
10883,33,Male,Research & Dev,Research Scientist,68389.0,15,2,Technical,2,2,2,3,15,4,14,No,0
10884,29,Male,IT,Engineer,45079.0,8,3,Technical,3,1,1,4,5,9,4,Yes,0
10885,21,Female,Sales,Manager,54186.0,4,3,Life Sciences,4,4,1,3,4,9,14,Yes,0
10886,28,Male,Operations,Analyst,44896.0,2,3,Technical,3,4,3,4,5,9,12,No,0
10887,32,Female,IT,Manager,74308.0,28,2,Other,3,4,2,1,3,0,1,No,0
10888,55,Male,Research & Dev,Engineer,86388.0,14,4,Other,2,3,2,1,8,1,1,Yes,1
10889,41,Female,Finance,HR Executive,90508.0,20,2,Technical,4,1,2,2,5,8,9,No,0
10890,28,Female,Operations,Engineer,55355.0,5,1,Medical,3,3,2,3,0,7,6,No,0
10891,49,Male,HR,Analyst,74701.0,27,4,Marketing,4,1,3,2,10,8,5,No,0
10892,38,Male,Research & Dev,Engineer,81081.0,6,3,Marketing,1,3,1,4,0,5,12,Yes,0
10893,53,Female,HR,Analyst,59777.0,25,1,Life Sciences,3,3,4,3,9,9,5,No,0
10894,50,Male,Operations,Accountant,67030.0,12,3,Medical,1,4,3,1,4,9,12,No,0
10895,57,Female,Sales,Sales Executive,112477.0,5,2,Technical,3,2,1,4,18,1,1,No,0
10896,48,Female,Research & Dev,Accountant,74102.0,28,4,Life Sciences,3,3,3,3,14,2,10,Yes,0
10897,25,Female,Sales,Research Scientist,87659.0,6,4,Medical,1,4,2,3,5,5,8,Yes,0
10898,42,Female,Operations,Accountant,61303.0,11,1,Life Sciences,4,2,4,2,18,6,7,No,0
10899,37,Male,Finance,Engineer,70835.0,7,1,Other,3,4,4,2,5,1,13,Yes,0
10900,52,Female,Sales,Accountant,35713.0,21,3,Life Sciences,1,1,4,4,15,6,2,Yes,0
10901,27,Male,Finance,Sales Executive,69499.0,28,2,Technical,4,4,3,4,9,9,0,Yes,0
10902,39,Male,Finance,Sales Executive,93846.0,11,4,Life Sciences,4,2,4,3,1,1,5,Yes,0
10903,53,Male,Sales,Sales Executive,111978.0,7,3,Medical,1,2,2,2,17,9,8,Yes,0
10904,45,Female,Research & Dev,Analyst,93933.0,12,3,Marketing,2,1,4,4,16,6,10,No,1
10905,22,Male,Finance,Sales Executive,83737.0,16,4,Technical,3,2,2,2,11,3,6,Yes,0
10906,52,Female,Research & Dev,HR Executive,71059.0,5,1,Marketing,3,4,3,1,16,7,11,No,0
10907,35,Male,Research & Dev,Accountant,58001.0,10,2,Marketing,3,4,4,2,3,3,7,Yes,0
10908,47,Male,IT,Manager,66795.0,6,4,Technical,2,4,2,3,16,8,9,No,0
10909,46,Female,HR,Research Scientist,82257.0,21,3,Marketing,4,4,3,3,10,6,2,No,0
10910,46,Female,Research & Dev,Engineer,54297.0,23,1,Technical,3,2,3,2,14,8,13,No,0
10911,37,Male,Sales,Accountant,88663.0,5,1,Other,1,4,4,2,19,4,0,No,0
10912,36,Male,Sales,Sales Executive,50318.0,13,1,Marketing,2,3,1,1,5,0,8,Yes,0
10913,24,Female,Operations,Analyst,34415.0,22,2,Technical,1,1,3,3,14,3,2,No,0
10914,42,Female,Finance,Research Scientist,49758.0,9,4,Technical,4,2,3,2,9,7,12,Yes,0
10915,32,Female,Operations,Analyst,36692.0,4,2,Other,1,4,2,1,16,0,1,No,0
10916,36,Male,Research & Dev,Manager,42553.0,29,3,Marketing,2,3,2,3,8,3,13,No,0
10917,27,Female,Research & Dev,Manager,92643.0,8,4,Other,1,1,3,2,18,5,4,No,0
10918,50,Female,Research & Dev,Sales Executive,65997.0,26,2,Medical,2,4,3,3,0,7,2,Yes,0
10919,56,Male,Finance,Accountant,74372.0,11,2,Other,2,4,4,1,9,6,1,No,0
10920,35,Female,Research & Dev,Manager,93162.0,8,4,Marketing,3,2,4,3,10,1,2,No,0
10921,37,Female,Research & Dev,Accountant,95182.0,8,2,Life Sciences,1,3,4,3,6,0,3,No,0
10922,39,Female,Research & Dev,Research Scientist,59908.0,13,3,Technical,1,3,1,2,5,3,14,No,0
10923,23,Female,HR,HR Executive,96571.0,19,3,Medical,1,1,3,1,17,3,4,Yes,0
10924,50,Male,Sales,Accountant,77692.0,17,1,Other,4,3,4,3,19,4,4,No,0
10925,55,Female,Sales,HR Executive,70067.0,21,2,Marketing,1,1,4,4,12,6,10,Yes,0
10926,40,Female,Sales,Manager,78842.0,5,1,Other,3,4,1,2,13,6,6,No,0
10927,23,Female,Sales,Engineer,41487.0,21,2,Marketing,4,1,1,4,19,4,12,No,0
10928,34,Female,Operations,Manager,54278.0,13,4,Life Sciences,4,1,2,4,16,6,6,Yes,0
10929,27,Female,Finance,Accountant,67837.0,26,1,Marketing,2,2,4,4,3,3,9,Yes,0
10930,53,Male,Finance,HR Executive,82194.0,9,4,Technical,1,3,1,4,0,8,12,No,0
10931,52,Female,Research & Dev,Manager,62559.0,16,3,Technical,3,1,2,2,13,2,13,Yes,0
10932,35,Male,Sales,Analyst,67454.0,24,1,Life Sciences,3,1,1,2,14,0,0,No,0
10933,35,Female,Research & Dev,Accountant,89389.0,5,1,Life Sciences,3,4,2,2,0,2,7,No,0
10934,53,Female,Operations,Sales Executive,98234.0,3,3,Technical,1,3,2,3,16,2,7,Yes,0
10935,24,Female,Research & Dev,Research Scientist,85343.0,26,4,Marketing,4,1,2,2,1,2,5,Yes,0
10936,51,Male,HR,Research Scientist,95368.0,29,3,Other,1,4,2,2,9,7,6,No,0
10937,58,Female,Research & Dev,Sales Executive,61913.0,11,1,Medical,2,4,3,2,6,2,7,No,0
10938,38,Female,Sales,Engineer,63871.0,7,2,Technical,2,3,1,3,5,2,1,Yes,0
10939,50,Female,HR,Engineer,76367.0,23,3,Medical,3,1,4,1,12,6,9,Yes,1
10940,48,Female,Research & Dev,Research Scientist,63979.0,10,1,Life Sciences,2,1,4,1,9,8,6,Yes,0
10941,55,Female,Research & Dev,HR Executive,59857.0,13,3,Marketing,2,1,1,4,18,4,0,No,1
10942,22,Female,Sales,Research Scientist,103043.0,3,2,Marketing,3,4,1,4,11,3,13,No,0
10943,48,Male,Finance,Accountant,65976.0,1,2,Marketing,2,3,3,3,16,7,13,Yes,0
10944,36,Female,Research & Dev,Engineer,50680.0,27,4,Life Sciences,2,3,4,2,8,6,0,No,0
10945,54,Female,Research & Dev,Analyst,79748.0,3,2,Life Sciences,3,3,4,4,5,5,10,No,0
10946,54,Male,Sales,Analyst,106716.0,25,3,Technical,1,3,3,1,6,0,3,Yes,0
10947,32,Male,Finance,Research Scientist,71616.0,24,1,Medical,4,3,1,4,9,9,2,Yes,0
10948,43,Male,Research & Dev,Research Scientist,94627.0,2,1,Technical,3,4,2,2,13,9,9,No,0
10949,40,Female,Research & Dev,Manager,61243.0,29,3,Marketing,3,4,3,2,9,8,6,No,0
10950,42,Male,IT,Analyst,60174.0,16,4,Technical,2,3,1,4,17,1,8,Yes,0
10951,53,Female,Finance,Analyst,56204.0,13,4,Medical,4,3,2,3,17,4,9,Yes,0
10952,46,Female,Finance,Engineer,67132.0,12,3,Medical,2,1,4,2,5,4,11,No,0
10953,50,Female,Research & Dev,HR Executive,106727.0,6,4,Medical,4,2,1,3,7,8,9,Yes,0
10954,47,Male,Operations,Sales Executive,46890.0,18,2,Marketing,4,2,1,2,17,3,5,No,0
10955,30,Female,Research & Dev,HR Executive,102745.0,27,1,Medical,4,4,4,4,9,6,7,No,0
10956,43,Female,IT,Research Scientist,49831.0,10,2,Medical,3,3,4,4,1,3,1,No,0
10957,35,Female,Operations,Sales Executive,65324.0,8,2,Life Sciences,4,3,4,4,7,8,6,No,0
10958,37,Male,HR,Manager,86716.0,28,1,Other,3,2,3,4,13,5,5,No,0
10959,25,Female,Operations,HR Executive,82605.0,7,2,Medical,2,4,2,4,3,2,0,No,0
10960,28,Female,Research & Dev,Accountant,75641.0,7,2,Other,4,1,2,2,6,5,12,Yes,0
10961,34,Female,Finance,HR Executive,37013.0,2,1,Marketing,3,2,2,4,11,5,4,Yes,0
10962,32,Female,Sales,Sales Executive,77245.0,24,2,Life Sciences,4,2,1,1,10,7,6,No,0
10963,45,Male,IT,Sales Executive,49553.0,18,1,Other,1,4,4,4,9,1,9,No,0
10964,32,Male,Operations,Manager,121378.0,8,2,Marketing,1,1,2,2,7,9,5,No,0
10965,30,Male,Sales,Sales Executive,65731.0,4,2,Other,2,1,2,3,3,0,1,No,0
10966,37,Female,Sales,Research Scientist,73774.0,19,4,Technical,4,1,1,2,1,8,11,No,0
10967,43,Male,Research & Dev,Research Scientist,47066.0,6,1,Medical,2,3,2,4,9,0,14,No,0
10968,59,Female,Finance,Engineer,60422.0,13,4,Medical,3,1,4,4,3,7,8,No,0
10969,40,Male,Sales,Engineer,44179.0,3,3,Marketing,1,4,1,1,19,5,13,Yes,0
10970,34,Male,IT,HR Executive,89631.0,16,2,Life Sciences,3,3,3,3,19,1,2,Yes,0
10971,33,Female,Research & Dev,Sales Executive,64761.0,17,1,Medical,4,1,2,3,0,5,1,Yes,0
10972,38,Male,IT,Sales Executive,81253.0,16,4,Life Sciences,2,2,1,4,8,2,5,No,0
10973,57,Male,Finance,HR Executive,56308.0,21,3,Marketing,4,1,2,1,6,9,11,Yes,0
10974,35,Male,Research & Dev,Accountant,59977.0,19,3,Technical,2,1,3,4,19,0,13,No,0
10975,30,Male,Research & Dev,Engineer,95764.0,23,4,Medical,3,1,4,1,0,0,13,No,0
10976,43,Female,Sales,Engineer,50566.0,2,4,Life Sciences,3,3,1,4,10,0,0,No,0
10977,51,Female,Sales,Accountant,33971.0,23,2,Medical,4,1,4,2,17,6,1,No,0
10978,57,Male,HR,Research Scientist,78125.0,2,4,Medical,1,3,3,2,17,7,11,No,0
10979,31,Female,Finance,HR Executive,47173.0,25,3,Medical,1,3,3,4,8,4,13,Yes,0
10980,55,Male,Operations,Accountant,61211.0,29,3,Technical,3,4,1,2,8,0,4,Yes,0
10981,54,Female,Research & Dev,Accountant,88232.0,22,2,Technical,2,1,1,2,8,8,12,No,0
10982,35,Male,IT,Manager,53628.0,8,3,Life Sciences,2,1,1,3,19,2,11,No,0
10983,34,Female,Research & Dev,Sales Executive,87569.0,4,2,Marketing,4,2,3,4,11,2,9,No,0
10984,31,Female,IT,HR Executive,56375.0,11,4,Technical,3,3,2,3,9,3,2,No,0
10985,33,Male,Operations,Sales Executive,99814.0,9,2,Other,1,1,4,4,2,1,5,No,0
10986,55,Female,Sales,Sales Executive,96502.0,7,4,Marketing,3,2,4,4,5,1,9,Yes,0
10987,33,Female,Operations,Engineer,60572.0,11,2,Marketing,3,3,4,1,1,5,6,No,0
10988,40,Female,Finance,Analyst,65735.0,19,4,Medical,3,2,4,4,3,3,12,No,0
10989,57,Female,Finance,HR Executive,53361.0,12,4,Other,1,4,3,2,12,5,13,No,0
10990,47,Male,Operations,Analyst,74000.0,29,2,Marketing,1,2,2,2,1,2,0,No,0
10991,26,Female,Research & Dev,Research Scientist,92983.0,26,2,Medical,2,3,2,4,16,9,9,Yes,0
10992,23,Female,Research & Dev,Accountant,41065.0,12,2,Medical,3,3,4,3,2,4,14,No,0
10993,29,Male,Research & Dev,Analyst,88349.0,29,4,Marketing,3,1,3,2,14,1,13,Yes,0
10994,54,Male,Operations,HR Executive,43521.0,10,1,Other,2,3,2,2,13,1,1,Yes,0
10995,29,Female,Operations,Engineer,52806.0,17,1,Marketing,1,4,2,1,4,3,12,No,0
10996,33,Male,Sales,Analyst,34246.0,11,4,Technical,3,4,1,4,7,0,0,No,0
10997,42,Male,Finance,Research Scientist,112099.0,19,3,Medical,4,1,1,1,8,8,4,No,0
10998,40,Female,Sales,Sales Executive,71174.0,1,4,Medical,3,3,4,1,17,9,12,Yes,1
10999,23,Male,Sales,Sales Executive,74895.0,15,4,Medical,1,3,4,2,1,7,0,No,0
11000,28,Male,Sales,Analyst,56478.0,3,2,Life Sciences,3,2,1,4,3,7,7,No,0
11001,59,Male,Research & Dev,Analyst,91339.0,9,2,Life Sciences,4,2,1,3,7,1,7,No,0
11002,37,Female,Sales,Manager,27936.0,2,2,Marketing,3,4,4,3,18,7,0,Yes,0
11003,31,Female,Sales,HR Executive,70533.0,18,3,Technical,2,2,2,4,13,7,8,Yes,0
11004,53,Female,Sales,Accountant,114134.0,10,1,Other,1,1,4,1,3,2,9,No,0
11005,39,Male,Research & Dev,Sales Executive,62359.0,12,1,Medical,2,4,4,2,13,6,7,Yes,0
11006,53,Male,Finance,Engineer,70343.0,29,4,Other,4,4,1,2,5,9,7,Yes,0
11007,27,Male,Sales,HR Executive,83445.0,21,4,Marketing,2,3,3,3,8,5,1,Yes,0
11008,39,Female,Research & Dev,Manager,53771.0,5,3,Life Sciences,4,3,4,2,6,8,14,No,0
11009,52,Female,HR,Manager,70457.0,10,4,Other,3,4,1,3,12,9,13,No,0
11010,50,Male,Sales,Manager,89220.0,16,4,Medical,4,2,4,3,5,4,14,No,0
11011,47,Male,Research & Dev,Manager,73888.0,5,1,Other,1,4,2,4,19,2,11,No,0
11012,38,Female,Operations,HR Executive,77420.0,7,3,Marketing,4,4,1,4,8,2,13,No,0
11013,53,Female,IT,Accountant,63011.0,20,4,Other,1,3,3,2,4,5,7,No,0
11014,35,Male,Operations,Sales Executive,76312.0,2,3,Marketing,2,1,2,4,16,7,7,No,0
11015,46,Male,Sales,Sales Executive,71115.0,23,3,Technical,1,2,1,1,19,7,7,No,0
11016,42,Male,Finance,HR Executive,99101.0,25,3,Life Sciences,4,1,2,3,1,0,12,No,0
11017,32,Male,Research & Dev,Sales Executive,84488.0,12,4,Life Sciences,3,2,3,2,13,7,0,No,0
11018,28,Female,Sales,Engineer,65126.0,4,4,Life Sciences,3,2,2,1,4,5,11,Yes,0
11019,41,Female,Research & Dev,Sales Executive,21064.0,15,1,Marketing,1,3,4,3,18,0,3,Yes,0
11020,33,Male,IT,Analyst,84314.0,4,4,Marketing,1,3,2,4,1,8,4,No,0
11021,41,Male,Operations,Sales Executive,85105.0,6,2,Life Sciences,2,4,1,1,3,3,11,No,0
11022,48,Male,Research & Dev,Engineer,51662.0,24,2,Technical,3,3,2,4,15,9,11,No,0
11023,52,Female,Sales,Analyst,30033.0,28,3,Technical,1,3,1,2,9,6,10,Yes,0
11024,51,Female,Operations,Manager,47164.0,8,3,Technical,4,2,1,1,2,9,4,No,0
11025,40,Male,IT,Engineer,88524.0,29,3,Marketing,3,3,4,3,12,9,11,No,0
11026,23,Male,Research & Dev,Research Scientist,48704.0,6,4,Technical,3,3,2,3,10,4,6,Yes,0
11027,28,Female,Sales,Engineer,60809.0,28,4,Other,1,3,4,3,14,6,12,Yes,0
11028,49,Female,Research & Dev,Manager,74408.0,28,3,Technical,4,4,2,3,17,0,1,No,0
11029,44,Female,Finance,Manager,94487.0,1,4,Technical,1,1,4,2,1,7,6,Yes,0
11030,52,Female,Research & Dev,Sales Executive,69637.0,6,4,Life Sciences,1,4,3,3,6,3,2,Yes,0
11031,40,Male,Research & Dev,HR Executive,67992.0,17,4,Medical,3,4,1,1,5,4,13,No,0
11032,38,Female,Sales,Sales Executive,59023.0,25,3,Medical,4,3,3,3,2,2,7,Yes,0
11033,30,Female,Research & Dev,Manager,102613.0,15,2,Medical,4,3,1,2,15,7,2,No,0
11034,23,Male,Sales,Analyst,91319.0,9,4,Medical,4,2,4,1,5,5,12,No,0
11035,26,Female,Sales,HR Executive,68098.0,20,1,Other,2,2,2,4,16,4,5,No,0
11036,47,Female,IT,HR Executive,42068.0,17,1,Medical,3,2,3,2,18,7,11,No,0
11037,43,Male,Sales,Sales Executive,54194.0,17,1,Medical,2,2,1,2,7,4,7,Yes,0
11038,30,Female,Finance,Research Scientist,81590.0,10,1,Medical,4,4,4,2,1,9,2,No,0
11039,35,Male,Finance,Manager,55570.0,29,3,Medical,4,2,1,4,13,6,7,No,0
11040,46,Male,Research & Dev,Analyst,87845.0,10,1,Medical,1,4,3,3,17,3,8,No,0
11041,35,Male,Research & Dev,Sales Executive,77229.0,15,4,Other,3,4,1,2,16,7,9,Yes,0
11042,35,Female,Sales,Accountant,75853.0,28,2,Medical,2,4,2,1,2,3,4,Yes,0
11043,31,Female,HR,Research Scientist,83069.0,13,1,Medical,4,4,4,1,12,8,2,No,0
11044,45,Male,Finance,HR Executive,79972.0,27,2,Life Sciences,1,2,1,2,3,0,3,No,0
11045,55,Male,Finance,HR Executive,52896.0,13,4,Other,2,2,1,3,11,4,5,No,0
11046,31,Female,Research & Dev,Accountant,63483.0,6,4,Other,3,2,3,1,15,8,5,No,0
11047,32,Male,IT,Accountant,116796.0,29,3,Medical,4,3,2,2,9,2,13,No,0
11048,39,Female,Operations,Engineer,45843.0,22,4,Other,4,2,3,1,12,4,10,No,0
11049,28,Female,Research & Dev,Manager,60509.0,11,2,Marketing,4,4,3,2,0,6,14,Yes,0
11050,41,Female,Finance,Engineer,91314.0,5,1,Technical,4,4,1,2,6,2,13,No,0
11051,55,Female,Sales,Research Scientist,66815.0,7,4,Other,1,2,3,4,11,1,0,No,0
11052,45,Female,IT,Engineer,53758.0,9,4,Medical,1,4,3,1,14,5,1,Yes,0
11053,27,Male,HR,Research Scientist,43537.0,12,3,Other,2,3,2,3,18,9,0,Yes,0
11054,28,Female,Operations,Engineer,80721.0,3,3,Marketing,4,3,4,2,2,4,4,No,0
11055,23,Male,Research & Dev,HR Executive,90398.0,12,3,Life Sciences,1,3,1,1,7,4,5,No,0
11056,58,Male,IT,Analyst,97998.0,19,4,Other,3,2,3,1,17,8,11,Yes,0
11057,34,Male,Sales,HR Executive,71076.0,3,3,Life Sciences,4,1,1,4,1,6,2,Yes,0
11058,32,Female,Research & Dev,Manager,90900.0,22,2,Marketing,1,3,2,4,11,2,7,No,0
11059,54,Female,Sales,Analyst,49341.0,26,1,Marketing,2,2,2,1,6,1,12,Yes,0
11060,32,Male,Sales,Research Scientist,73360.0,22,4,Technical,4,2,4,1,18,5,5,No,0
11061,30,Male,Finance,Manager,56452.0,12,4,Technical,3,2,3,3,16,9,6,No,0
11062,30,Male,Sales,Sales Executive,73477.0,23,1,Technical,3,3,2,4,11,4,12,No,0
11063,36,Female,Research & Dev,Accountant,85014.0,22,2,Technical,1,4,4,3,7,2,10,No,0
11064,23,Male,Sales,Manager,91395.0,12,2,Other,1,1,1,3,11,1,0,Yes,0
11065,45,Female,Operations,Engineer,50202.0,18,1,Other,2,3,3,4,14,2,3,No,0
11066,37,Female,Sales,HR Executive,95350.0,6,2,Technical,2,1,1,1,17,1,14,No,0
11067,58,Male,Research & Dev,Engineer,60512.0,24,3,Life Sciences,1,2,2,4,0,9,5,No,0
11068,51,Female,Operations,Analyst,49485.0,1,2,Life Sciences,3,2,4,2,11,2,4,No,0
11069,35,Male,Finance,HR Executive,66588.0,22,3,Technical,4,3,1,3,5,2,5,No,0
11070,48,Female,Finance,Research Scientist,40749.0,13,2,Marketing,4,2,1,2,1,4,12,Yes,0
11071,52,Female,IT,Sales Executive,70092.0,1,3,Technical,2,4,1,1,16,1,12,Yes,0
11072,28,Male,Sales,HR Executive,75794.0,28,2,Other,1,1,4,2,12,5,12,No,0
11073,27,Male,HR,Accountant,65993.0,27,4,Other,2,1,2,4,4,6,13,No,0
11074,26,Male,Finance,Sales Executive,80723.0,14,2,Life Sciences,3,4,1,3,5,7,12,Yes,0
11075,22,Male,Finance,Analyst,63706.0,4,4,Marketing,4,2,2,3,7,1,5,No,0
11076,33,Male,Finance,Accountant,70081.0,18,3,Life Sciences,1,3,2,1,12,9,9,No,0
11077,51,Female,Sales,Analyst,41187.0,16,2,Medical,3,2,1,4,10,5,5,Yes,0
11078,50,Female,Sales,Engineer,70853.0,27,3,Life Sciences,4,2,2,1,19,0,9,Yes,0
11079,35,Male,Finance,Manager,52979.0,14,2,Other,3,1,2,1,18,9,2,No,0
11080,40,Female,HR,Analyst,61004.0,26,4,Life Sciences,1,4,2,3,12,9,0,No,0
11081,50,Male,Sales,Manager,68126.0,3,4,Life Sciences,1,2,3,4,15,3,3,Yes,0
11082,57,Female,Sales,Manager,73820.0,22,4,Life Sciences,4,1,1,1,16,4,6,Yes,0
11083,31,Female,Research & Dev,HR Executive,37067.0,7,3,Life Sciences,3,4,2,3,1,6,13,No,0
11084,46,Female,Sales,HR Executive,38731.0,18,3,Technical,3,2,2,4,7,7,9,Yes,0
11085,44,Male,Finance,Research Scientist,63960.0,27,2,Marketing,3,1,4,3,15,6,14,No,0
11086,45,Female,Research & Dev,Sales Executive,79488.0,7,2,Marketing,4,4,4,2,0,3,4,No,0
11087,52,Female,Operations,Accountant,77205.0,29,3,Other,2,1,3,1,13,2,10,No,0
11088,50,Male,Sales,Sales Executive,87856.0,22,3,Technical,3,4,3,1,0,7,10,No,0
11089,36,Female,Research & Dev,Analyst,96022.0,5,3,Marketing,2,4,4,4,10,4,7,Yes,0
11090,50,Male,Sales,Analyst,79929.0,13,2,Marketing,3,4,1,4,0,6,8,No,0
11091,23,Male,Finance,Engineer,69603.0,4,1,Technical,2,2,3,2,17,3,5,No,0
11092,34,Male,Research & Dev,Manager,49371.0,21,1,Medical,2,1,4,1,4,0,10,Yes,0
11093,29,Male,Sales,Sales Executive,51079.0,16,3,Marketing,1,1,4,4,18,8,13,Yes,0
11094,31,Female,IT,Manager,60657.0,7,2,Technical,1,3,4,4,5,8,12,Yes,0
11095,56,Female,Finance,Accountant,75350.0,20,4,Other,1,2,4,3,10,1,6,No,0
11096,38,Female,Research & Dev,Analyst,74415.0,28,1,Life Sciences,2,1,2,4,6,0,5,No,0
11097,23,Female,Operations,Analyst,70085.0,1,2,Technical,1,3,4,3,10,3,0,No,0
11098,40,Male,Research & Dev,Sales Executive,66946.0,5,3,Medical,1,1,2,4,13,4,9,Yes,0
11099,23,Male,IT,Accountant,82610.0,29,3,Technical,4,4,1,4,9,7,4,No,0
11100,26,Male,Research & Dev,Accountant,74167.0,23,1,Marketing,2,4,1,4,14,2,0,Yes,0
11101,35,Male,IT,Sales Executive,75957.0,15,3,Life Sciences,3,3,1,3,8,7,4,No,0
11102,38,Male,Sales,Engineer,76169.0,26,3,Technical,3,1,1,1,15,5,11,No,0
11103,30,Female,Finance,HR Executive,59074.0,25,1,Other,1,3,1,4,9,4,12,No,0
11104,45,Female,Research & Dev,Sales Executive,49383.0,5,2,Technical,3,1,2,1,15,1,12,Yes,0
11105,40,Male,Research & Dev,Manager,79823.0,24,4,Life Sciences,3,1,2,3,3,4,7,No,0
11106,26,Female,HR,HR Executive,78335.0,26,1,Marketing,3,1,1,2,17,6,10,No,0
11107,53,Male,Sales,Accountant,65599.0,22,4,Life Sciences,3,1,3,2,7,1,1,No,0
11108,26,Female,Sales,Analyst,61685.0,19,2,Technical,3,3,4,2,14,7,10,No,0
11109,35,Female,Sales,Manager,115568.0,5,2,Life Sciences,4,4,1,4,9,0,10,Yes,0
11110,27,Male,Finance,Engineer,54816.0,18,4,Medical,4,3,3,2,9,5,8,No,0
11111,57,Male,Sales,Manager,65649.0,20,2,Marketing,3,1,4,3,0,2,13,No,0
11112,32,Male,Research & Dev,HR Executive,75310.0,8,3,Marketing,4,1,2,3,8,8,4,No,0
11113,54,Male,Research & Dev,Sales Executive,46915.0,15,1,Other,2,3,2,3,10,4,3,No,0
11114,58,Female,Sales,Accountant,72345.0,10,1,Other,2,2,3,4,1,3,11,Yes,0
11115,29,Female,IT,Research Scientist,105955.0,17,1,Life Sciences,4,2,2,3,3,8,0,Yes,0
11116,22,Female,Research & Dev,Sales Executive,88677.0,7,3,Marketing,3,4,1,4,0,6,1,No,0
11117,21,Male,HR,Sales Executive,82644.0,2,1,Other,4,4,4,3,16,2,2,No,0
11118,28,Female,Finance,Accountant,81849.0,13,3,Technical,4,1,4,4,17,4,8,No,0
11119,36,Female,Operations,Accountant,72239.0,21,2,Technical,2,1,4,3,15,8,4,No,0
11120,27,Male,Sales,Analyst,89168.0,19,1,Marketing,2,1,3,3,2,9,1,No,0
11121,58,Female,Sales,HR Executive,66883.0,16,4,Marketing,1,3,4,2,15,5,4,Yes,0
11122,39,Female,Research & Dev,Research Scientist,61544.0,22,2,Marketing,3,3,3,4,17,0,11,No,0
11123,54,Male,Sales,Accountant,72041.0,5,4,Other,1,4,3,3,1,8,9,No,0
11124,21,Male,Sales,Manager,88114.0,21,1,Technical,3,1,1,1,7,8,7,Yes,0
11125,26,Male,Operations,Engineer,76609.0,9,4,Medical,2,3,1,1,16,0,3,No,0
11126,38,Female,HR,Manager,83491.0,11,3,Life Sciences,3,3,2,1,1,0,9,No,0
11127,27,Female,Research & Dev,Sales Executive,29518.0,1,4,Other,2,3,1,3,14,2,9,No,0
11128,27,Male,Sales,Accountant,93861.0,10,4,Medical,3,2,3,2,16,8,2,Yes,0
11129,21,Male,Finance,HR Executive,116812.0,14,4,Life Sciences,4,1,3,4,1,0,5,No,0
11130,31,Male,Research & Dev,Analyst,96698.0,23,1,Life Sciences,3,1,2,4,14,0,6,Yes,0
11131,50,Male,Sales,Accountant,63648.0,5,2,Marketing,1,4,3,4,13,9,3,No,0
11132,51,Female,IT,Sales Executive,53031.0,29,1,Marketing,2,3,1,2,19,6,9,Yes,0
11133,40,Female,IT,Analyst,75549.0,6,4,Medical,3,4,3,3,1,3,12,No,0
11134,28,Male,IT,HR Executive,50260.0,7,1,Technical,4,4,2,1,10,1,6,No,0
11135,38,Male,Operations,Manager,84513.0,29,2,Life Sciences,3,4,1,1,8,9,11,No,0
11136,45,Female,Research & Dev,Analyst,59492.0,12,3,Technical,3,2,4,1,18,7,10,No,0
11137,26,Male,Research & Dev,Research Scientist,89213.0,12,3,Marketing,2,2,3,1,8,8,2,No,0
11138,36,Female,HR,HR Executive,97243.0,9,1,Medical,2,1,2,1,10,2,1,Yes,0
11139,53,Female,Sales,Research Scientist,29355.0,17,3,Technical,2,1,3,4,1,8,10,No,0
11140,37,Female,HR,Sales Executive,75856.0,29,3,Medical,3,4,4,4,5,0,5,Yes,0
11141,39,Female,Sales,Research Scientist,56034.0,27,2,Other,4,1,2,2,15,4,0,No,0
11142,52,Male,Sales,Accountant,41804.0,1,4,Life Sciences,3,1,3,2,8,8,1,No,0
11143,47,Male,Finance,Analyst,57653.0,15,1,Life Sciences,1,4,3,4,16,3,2,Yes,0
11144,27,Female,Research & Dev,Accountant,65621.0,26,4,Technical,4,1,4,4,13,5,11,No,0
11145,44,Male,Finance,Analyst,90674.0,1,3,Life Sciences,3,1,2,2,7,5,9,Yes,0
11146,57,Male,Finance,Sales Executive,39572.0,23,3,Marketing,3,2,1,4,17,8,5,No,0
11147,29,Male,Operations,HR Executive,91016.0,13,3,Technical,4,4,3,3,13,5,2,No,0
11148,55,Female,HR,Analyst,110361.0,10,1,Medical,3,1,3,4,16,7,11,Yes,0
11149,43,Female,Operations,Sales Executive,81949.0,6,3,Medical,4,3,1,4,0,5,8,No,0
11150,47,Female,HR,Sales Executive,80919.0,20,2,Medical,2,1,3,4,18,0,11,No,0
11151,33,Male,IT,Sales Executive,69732.0,2,3,Life Sciences,4,4,3,4,9,4,6,No,0
11152,22,Male,Operations,Analyst,46499.0,11,1,Other,2,4,2,2,10,0,0,No,0
11153,22,Male,Sales,Engineer,80697.0,7,2,Technical,3,3,1,3,14,8,10,No,0
11154,46,Male,Sales,Sales Executive,77681.0,19,3,Marketing,2,1,4,1,9,7,9,No,0
11155,59,Male,Research & Dev,Engineer,84632.0,9,1,Life Sciences,3,4,3,3,4,5,2,No,0
11156,44,Female,Sales,Accountant,121377.0,13,1,Other,3,4,1,1,10,8,12,No,0
11157,34,Female,Sales,Accountant,84556.0,13,4,Life Sciences,1,2,1,2,19,7,8,No,0
11158,51,Male,Operations,Research Scientist,78514.0,27,1,Medical,4,3,2,1,18,1,13,Yes,0
11159,57,Male,Sales,Research Scientist,101239.0,13,1,Marketing,4,2,4,2,4,4,7,No,0
11160,29,Male,Sales,Engineer,43096.0,14,4,Medical,3,1,2,4,7,8,1,No,0
11161,25,Male,Finance,HR Executive,47146.0,26,4,Technical,3,2,1,4,9,5,6,No,0
11162,58,Male,Sales,Engineer,62496.0,24,4,Technical,1,1,4,1,1,0,1,No,0
11163,22,Female,Sales,Engineer,56901.0,19,1,Life Sciences,3,3,3,4,3,7,9,No,0
11164,55,Male,IT,Manager,83879.0,17,1,Other,1,3,4,3,7,7,6,Yes,0
11165,26,Female,Finance,Accountant,63651.0,28,1,Medical,1,3,2,2,11,1,13,Yes,0
11166,25,Male,Research & Dev,Research Scientist,104799.0,11,4,Life Sciences,4,3,1,2,12,6,11,No,0
11167,31,Male,Sales,Engineer,100409.0,22,2,Life Sciences,4,2,1,4,10,6,11,No,0
11168,33,Female,Sales,Accountant,85401.0,29,1,Other,2,1,1,3,16,3,1,No,0
11169,33,Female,IT,Engineer,62280.0,20,4,Medical,4,1,3,4,9,0,3,No,0
11170,22,Female,Finance,Sales Executive,82339.0,6,2,Marketing,3,2,1,2,18,3,14,No,0
11171,54,Female,Sales,Research Scientist,86221.0,27,1,Life Sciences,4,2,3,4,0,5,6,Yes,0
11172,53,Female,Finance,Research Scientist,48669.0,27,4,Other,4,4,1,3,13,3,10,No,0
11173,47,Male,Research & Dev,Accountant,76976.0,19,4,Other,2,3,4,1,19,4,12,Yes,0
11174,56,Male,Finance,Manager,84122.0,29,4,Other,4,3,4,1,16,4,0,No,0
11175,57,Female,Research & Dev,Research Scientist,74329.0,8,4,Technical,3,2,4,3,9,4,3,Yes,0
11176,59,Male,Sales,Engineer,101422.0,25,2,Marketing,3,3,4,2,16,5,11,No,0
11177,35,Female,Sales,Analyst,94283.0,8,3,Medical,2,2,4,4,15,5,1,Yes,0
11178,44,Male,Research & Dev,Manager,53488.0,18,3,Other,4,4,4,1,16,1,6,No,0
11179,50,Female,Operations,Sales Executive,72490.0,9,2,Marketing,4,1,2,4,19,5,6,No,0
11180,46,Female,Operations,Sales Executive,53289.0,19,2,Life Sciences,2,1,2,2,11,0,2,Yes,0
11181,51,Female,Finance,Manager,81591.0,24,2,Marketing,1,4,2,1,5,3,10,No,0
11182,47,Male,Finance,Analyst,52657.0,27,4,Marketing,4,2,2,4,18,5,9,No,0
11183,36,Female,Sales,Sales Executive,88466.0,2,3,Life Sciences,1,3,1,1,4,0,2,No,0
11184,43,Female,Research & Dev,HR Executive,77763.0,13,2,Marketing,3,4,3,4,17,1,10,Yes,0
11185,28,Male,Operations,Research Scientist,89417.0,26,1,Life Sciences,2,4,1,3,3,1,11,Yes,0
11186,58,Female,IT,Engineer,67098.0,24,1,Medical,1,2,4,1,0,0,9,No,0
11187,55,Male,Research & Dev,Engineer,40874.0,12,3,Other,4,2,1,2,15,2,4,No,0
11188,44,Male,Finance,Analyst,105317.0,23,1,Marketing,4,2,1,4,2,2,3,No,0
11189,50,Female,IT,Engineer,66549.0,9,3,Medical,2,1,4,1,1,5,8,Yes,0
11190,34,Male,IT,Manager,97534.0,25,3,Technical,1,4,1,3,19,1,2,No,1
11191,35,Female,Research & Dev,Research Scientist,78604.0,17,4,Technical,3,4,1,3,18,1,4,Yes,0
11192,41,Female,HR,Sales Executive,83478.0,13,3,Life Sciences,4,4,3,1,13,8,0,No,0
11193,31,Female,Research & Dev,Analyst,106595.0,17,2,Life Sciences,2,2,1,3,14,4,0,Yes,0
11194,21,Male,Research & Dev,Analyst,76805.0,19,4,Marketing,1,4,1,1,2,2,2,No,0
11195,36,Male,Research & Dev,Sales Executive,98005.0,8,3,Marketing,1,4,2,2,11,6,11,No,0
11196,49,Female,Sales,Engineer,40313.0,3,1,Marketing,4,4,4,4,18,6,5,Yes,0
11197,31,Male,Sales,Research Scientist,87422.0,6,3,Technical,4,3,4,3,9,6,1,Yes,0
11198,48,Male,Finance,Analyst,65162.0,3,4,Life Sciences,1,2,1,1,1,0,5,Yes,0
11199,44,Male,Finance,Analyst,67319.0,22,3,Technical,1,2,2,3,13,5,9,Yes,0
11200,37,Male,Operations,Accountant,70174.0,4,4,Technical,3,3,4,4,10,6,1,No,0
